DRG code,Description,Total pmts - this hospital,Total pmts - patient universe,% pmts at this hospital,Total charges - this hospital,Total charges - patient universe,% charges at this hospital,Total claims - this hospital,Total claims - patient universe,% claims at this hospital
871-,SEPTICEMIA OR SEVERE SEPSIS W/O MV 96 OR MORE HOURS W MCC,"$11,615,673","$27,625,718",42.0%,"$37,156,423","$110,848,798",33.5%,590,"1,484",39.8%
853-,INFECTIOUS & PARASITIC DISEASES W O.R. PROCEDURE W MCC,"$7,228,675","$13,533,423",53.4%,"$20,399,864","$50,395,915",40.5%,125,270,46.3%
291-,HEART FAILURE & SHOCK W MCC,"$5,982,227","$12,573,709",47.6%,"$18,629,255","$45,221,595",41.2%,490,"1,011",48.5%
003-,"ECMO OR TRACH W MV 96 OR MORE HRS OR PDX EXC FACE, MOUTH & NECK W MAJ O.R.","$5,336,110","$9,036,644",59.0%,"$11,508,195","$28,794,011",40.0%,23,38,60.5%
057-,DEGENERATIVE NERVOUS SYSTEM DISORDERS W/O MCC,"$3,162,257","$8,839,523",35.8%,"$7,954,777","$24,016,603",33.1%,140,371,37.7%
885-,PSYCHOSES,"$1,367,544","$8,564,987",16.0%,"$3,962,127","$27,609,702",14.4%,92,953,9.7%
981-,EXTENSIVE O.R. PROCEDURE UNRELATED TO PRINCIPAL DIAGNOSIS W MCC,"$3,247,479","$6,576,517",49.4%,"$10,457,653","$26,309,608",39.7%,66,122,54.1%
177-,RESPIRATORY INFECTIONS & INFLAMMATIONS W MCC,"$2,941,233","$6,391,558",46.0%,"$9,070,133","$23,270,042",39.0%,198,446,44.4%
207-,RESPIRATORY SYSTEM DIAGNOSIS W VENTILATOR SUPPORT 96 OR MORE HOURS,"$967,925","$6,204,031",15.6%,"$2,446,287","$34,980,513",7.0%,17,99,17.2%
064-,INTRACRANIAL HEMORRHAGE OR CEREBRAL INFARCTION W MCC,"$3,689,717","$5,868,212",62.9%,"$11,832,989","$21,520,643",55.0%,170,282,60.3%
454-,COMBINED ANTERIOR/POSTERIOR SPINAL FUSION W CC,"$4,490,714","$5,747,866",78.1%,"$10,037,544","$15,699,685",63.9%,62,88,70.5%
025-,CRANIOTOMY & ENDOVASCULAR INTRACRANIAL PROCEDURES W MCC,"$3,761,306","$5,450,857",69.0%,"$8,837,589","$15,147,933",58.3%,72,105,68.6%
267-,ENDOVASCULAR CARDIAC VALVE REPLACEMENT W/O MCC,"$3,873,573","$5,174,719",74.9%,"$12,671,983","$19,569,966",64.8%,72,104,69.2%
004-,"TRACH W MV 96 OR MORE HRS OR PDX EXC FACE, MOUTH & NECK W/O MAJ O.R.","$2,313,904","$5,131,321",45.1%,"$5,204,101","$15,349,045",33.9%,20,41,48.8%
640-,"MISC DISORDERS OF NUTRITION,METABOLISM,FLUIDS/ELECTROLYTES W MCC","$2,915,399","$5,023,938",58.0%,"$8,810,526","$17,287,565",51.0%,222,406,54.7%
698-,OTHER KIDNEY & URINARY TRACT DIAGNOSES W MCC,"$2,256,777","$4,751,270",47.5%,"$5,940,410","$16,055,104",37.0%,143,327,43.7%
056-,DEGENERATIVE NERVOUS SYSTEM DISORDERS W MCC,"$1,997,390","$4,590,867",43.5%,"$4,564,048","$12,750,968",35.8%,73,162,45.1%
193-,SIMPLE PNEUMONIA & PLEURISY W MCC,"$2,405,991","$4,452,832",54.0%,"$8,368,302","$18,800,005",44.5%,215,409,52.6%
023-,CRANIO W MAJOR DEV IMPL/ACUTE COMPLEX CNS PDX W MCC OR CHEMO IMPLANT,"$3,162,406","$4,407,450",71.8%,"$7,864,674","$12,969,455",60.6%,45,68,66.2%
274-,PERCUTANEOUS INTRACARDIAC PROCEDURES W/O MCC,"$2,514,187","$4,353,453",57.8%,"$11,153,316","$22,587,509",49.4%,90,163,55.2%
560-,"AFTERCARE, MUSCULOSKELETAL SYSTEM & CONNECTIVE TISSUE W CC","$1,574,641","$4,239,104",37.1%,"$4,671,610","$11,257,344",41.5%,66,170,38.8%
460-,SPINAL FUSION EXCEPT CERVICAL W/O MCC,"$3,357,138","$4,123,409",81.4%,"$9,331,981","$14,201,312",65.7%,83,110,75.5%
280-,"ACUTE MYOCARDIAL INFARCTION, DISCHARGED ALIVE W MCC","$2,055,935","$4,113,985",50.0%,"$8,560,626","$18,746,030",45.7%,136,289,47.1%
949-,AFTERCARE W CC/MCC,"$1,415,209","$4,087,448",34.6%,"$3,382,204","$10,750,822",31.5%,57,158,36.1%
189-,PULMONARY EDEMA & RESPIRATORY FAILURE,"$1,587,459","$4,033,825",39.4%,"$5,369,856","$17,990,205",29.8%,133,313,42.5%
219-,CARDIAC VALVE & OTH MAJ CARDIOTHORACIC PROC W/O CARD CATH W MCC,"$2,308,343","$4,027,264",57.3%,"$6,554,724","$15,527,865",42.2%,25,50,50.0%
252-,OTHER VASCULAR PROCEDURES W MCC,"$2,812,448","$3,757,092",74.9%,"$9,112,671","$12,635,197",72.1%,74,107,69.2%
470-,MAJOR JOINT REPLACEMENT OR REATTACHMENT OF LOWER EXTREMITY W/O MCC,"$2,580,359","$3,728,363",69.2%,"$12,581,687","$20,096,307",62.6%,184,267,68.9%
329-,MAJOR SMALL & LARGE BOWEL PROCEDURES W MCC,"$1,905,653","$3,686,580",51.7%,"$6,901,494","$14,680,167",47.0%,42,84,50.0%
270-,OTHER MAJOR CARDIOVASCULAR PROCEDURES W MCC,"$2,032,192","$3,675,739",55.3%,"$6,954,482","$14,067,728",49.4%,38,71,53.5%
314-,OTHER CIRCULATORY SYSTEM DIAGNOSES W MCC,"$1,886,941","$3,635,586",51.9%,"$5,464,532","$13,045,959",41.9%,79,184,42.9%
682-,RENAL FAILURE W MCC,"$1,996,791","$3,581,666",55.8%,"$6,570,920","$15,485,131",42.4%,137,262,52.3%
377-,G.I. HEMORRHAGE W MCC,"$1,695,033","$3,412,045",49.7%,"$6,282,789","$15,284,354",41.1%,83,200,41.5%
235-,CORONARY BYPASS W/O CARDIAC CATH W MCC,"$2,416,403","$3,361,979",71.9%,"$6,625,022","$11,508,929",57.6%,31,50,62.0%
163-,MAJOR CHEST PROCEDURES W MCC,"$2,262,220","$3,240,547",69.8%,"$4,824,758","$9,423,385",51.2%,45,67,67.2%
870-,SEPTICEMIA OR SEVERE SEPSIS W MV 96 OR MORE HOURS,"$1,444,508","$3,238,445",44.6%,"$3,456,431","$14,997,273",23.0%,24,62,38.7%
001-,HEART TRANSPLANT OR IMPLANT OF HEART ASSIST SYSTEM W MCC,"$619,004","$3,126,128",19.8%,"$1,846,562","$14,126,615",13.1%,,,
457-,SPINAL FUS EXC CERV W SPINAL CURV/MALIG/INFEC OR 9 OR MORE FUS W CC,"$2,573,730","$3,109,892",82.8%,"$7,691,694","$10,686,721",72.0%,37,45,82.2%
286-,"CIRCULATORY DISORDERS EXCEPT AMI, W CARD CATH W MCC","$1,600,221","$3,096,861",51.7%,"$4,753,709","$11,263,918",42.2%,72,137,52.6%
266-,ENDOVASCULAR CARDIAC VALVE REPLACEMENT W MCC,"$2,097,821","$3,037,100",69.1%,"$6,633,234","$11,742,522",56.5%,29,47,61.7%
453-,COMBINED ANTERIOR/POSTERIOR SPINAL FUSION W MCC,"$1,788,209","$2,890,992",61.9%,"$5,034,440","$8,766,838",57.4%,16,27,59.3%
208-,RESPIRATORY SYSTEM DIAGNOSIS W VENTILATOR SUPPORT <96 HOURS,"$1,164,931","$2,855,096",40.8%,"$3,811,717","$11,004,471",34.6%,44,112,39.3%
330-,MAJOR SMALL & LARGE BOWEL PROCEDURES W CC,"$1,579,171","$2,532,601",62.4%,"$5,875,615","$10,485,994",56.0%,60,102,58.8%
872-,SEPTICEMIA OR SEVERE SEPSIS W/O MV 96 OR MORE HOURS W/O MCC,"$1,108,923","$2,508,061",44.2%,"$4,073,929","$10,586,490",38.5%,116,265,43.8%
689-,KIDNEY & URINARY TRACT INFECTIONS W MCC,"$1,395,299","$2,446,067",57.0%,"$5,421,003","$10,305,033",52.6%,140,261,53.6%
326-,"STOMACH, ESOPHAGEAL & DUODENAL PROC W MCC","$1,711,887","$2,427,240",70.5%,"$4,189,568","$8,516,247",49.2%,25,37,67.6%
552-,MEDICAL BACK PROBLEMS W/O MCC,"$895,686","$2,400,330",37.3%,"$2,578,731","$9,061,709",28.5%,81,232,34.9%
673-,OTHER KIDNEY & URINARY TRACT PROCEDURES W MCC,"$1,525,549","$2,398,138",63.6%,"$2,544,360","$5,351,445",47.5%,32,56,57.1%
216-,CARDIAC VALVE & OTH MAJ CARDIOTHORACIC PROC W CARD CATH W MCC,"$1,578,019","$2,396,944",65.8%,"$4,569,840","$8,690,571",52.6%,14,22,63.6%
164-,MAJOR CHEST PROCEDURES W CC,"$1,698,600","$2,373,295",71.6%,"$3,538,160","$6,662,413",53.1%,60,82,73.2%
559-,"AFTERCARE, MUSCULOSKELETAL SYSTEM & CONNECTIVE TISSUE W MCC","$885,628","$2,356,481",37.6%,"$2,406,889","$6,387,411",37.7%,31,75,41.3%
683-,RENAL FAILURE W CC,"$1,194,211","$2,350,644",50.8%,"$3,911,273","$9,812,097",39.9%,146,290,50.3%
467-,REVISION OF HIP OR KNEE REPLACEMENT W CC,"$1,664,320","$2,310,507",72.0%,"$6,249,679","$10,422,118",60.0%,46,73,63.0%
481-,HIP & FEMUR PROCEDURES EXCEPT MAJOR JOINT W CC,"$937,833","$2,269,644",41.3%,"$4,597,715","$11,580,829",39.7%,53,123,43.1%
392-,"ESOPHAGITIS, GASTROENT & MISC DIGEST DISORDERS W/O MCC","$1,048,248","$2,263,400",46.3%,"$4,437,472","$11,095,393",40.0%,151,335,45.1%
091-,OTHER DISORDERS OF NERVOUS SYSTEM W MCC,"$623,135","$2,262,317",27.5%,"$1,508,367","$7,168,502",21.0%,31,111,27.9%
432-,CIRRHOSIS & ALCOHOLIC HEPATITIS W MCC,"$1,240,510","$2,203,481",56.3%,"$3,287,892","$7,946,416",41.4%,50,102,49.0%
321-,PERCUTANEOUS CARDIOVASCULAR PROCEDURES WITH INTRALUMINAL DEVICE WITH MCC OR 4+ ARTERIES/INTRALUMINAL DEVICES,"$686,521","$2,195,349",31.3%,"$3,673,831","$13,057,359",28.1%,30,90,33.3%
393-,OTHER DIGESTIVE SYSTEM DIAGNOSES W MCC,"$1,088,029","$2,177,050",50.0%,"$3,269,868","$9,508,566",34.4%,64,137,46.7%
233-,CORONARY BYPASS W CARDIAC CATH W MCC,"$1,552,154","$2,133,580",72.7%,"$5,367,665","$6,563,221",81.8%,19,23,82.6%
455-,COMBINED ANTERIOR/POSTERIOR SPINAL FUSION W/O CC/MCC,"$1,528,772","$2,132,295",71.7%,"$3,341,017","$7,356,646",45.4%,28,44,63.6%
018-,CHIMERIC ANTIGEN RECEPTOR (CAR) T-CELL AND OTHER IMMUNOTHERAPIES,"$795,226","$2,099,617",37.9%,"$3,158,478","$8,913,980",35.4%,,,
378-,G.I. HEMORRHAGE W CC,"$1,142,011","$2,083,557",54.8%,"$4,201,582","$9,519,979",44.1%,117,235,49.8%
699-,OTHER KIDNEY & URINARY TRACT DIAGNOSES W CC,"$1,125,114","$2,070,778",54.3%,"$3,351,704","$7,391,716",45.3%,109,213,51.2%
834-,ACUTE LEUKEMIA W/O MAJOR O.R. PROCEDURE W MCC,"$1,360,222","$2,058,845",66.1%,"$4,520,986","$6,886,907",65.6%,16,30,53.3%
480-,HIP & FEMUR PROCEDURES EXCEPT MAJOR JOINT W MCC,"$655,750","$2,049,400",32.0%,"$3,282,325","$9,549,698",34.4%,26,68,38.2%
391-,"ESOPHAGITIS, GASTROENT & MISC DIGEST DISORDERS W MCC","$1,045,367","$2,015,892",51.9%,"$3,182,516","$7,653,270",41.6%,77,156,49.4%
239-,AMPUTATION FOR CIRC SYS DISORDERS EXC UPPER LIMB & TOE W MCC,"$1,150,934","$2,001,084",57.5%,"$2,670,368","$5,699,809",46.9%,19,34,55.9%
463-,"WND DEBRID & SKN GRFT EXC HAND, FOR MUSCULO-CONN TISS DIS W MCC","$1,562,433","$1,986,671",78.6%,"$4,801,451","$7,249,143",66.2%,17,24,70.8%
065-,INTRACRANIAL HEMORRHAGE OR CEREBRAL INFARCTION W CC,"$1,149,375","$1,965,988",58.5%,"$4,734,084","$9,301,495",50.9%,111,201,55.2%
884-,ORGANIC DISTURBANCES & MENTAL RETARDATION,"$748,544","$1,957,249",38.2%,"$1,957,592","$5,934,877",33.0%,41,103,39.8%
690-,KIDNEY & URINARY TRACT INFECTIONS W/O MCC,"$1,022,615","$1,947,454",52.5%,"$4,564,561","$8,685,024",52.6%,163,295,55.3%
472-,CERVICAL SPINAL FUSION W CC,"$1,514,675","$1,925,031",78.7%,"$4,987,801","$7,372,488",67.7%,59,78,75.6%
603-,CELLULITIS W/O MCC,"$894,998","$1,906,023",47.0%,"$2,688,304","$5,861,987",45.9%,100,214,46.7%
811-,RED BLOOD CELL DISORDERS W MCC,"$1,045,518","$1,903,493",54.9%,"$4,050,685","$8,607,876",47.1%,60,139,43.2%
812-,RED BLOOD CELL DISORDERS W/O MCC,"$784,462","$1,885,630",41.6%,"$2,570,713","$7,764,562",33.1%,84,227,37.0%
092-,OTHER DISORDERS OF NERVOUS SYSTEM W CC,"$671,414","$1,884,446",35.6%,"$1,925,172","$5,839,888",33.0%,53,130,40.8%
322-,PERCUTANEOUS CARDIOVASCULAR PROCEDURES WITH INTRALUMINAL DEVICE WITHOUT MCC,"$1,088,438","$1,825,626",59.6%,"$5,226,280","$10,748,075",48.6%,63,113,55.8%
837-,CHEMO W ACUTE LEUKEMIA AS SDX OR W HIGH DOSE CHEMO AGENT W MCC,"$1,662,042","$1,820,914",91.3%,"$3,225,397","$3,816,370",84.5%,22,25,88.0%
441-,"DISORDERS OF LIVER EXCEPT MALIG,CIRR,ALC HEPA W MCC","$763,937","$1,801,636",42.4%,"$2,514,289","$5,935,293",42.4%,30,76,39.5%
652-,KIDNEY TRANSPLANT,"$1,242,513","$1,787,728",69.5%,"$7,450,111","$12,904,062",57.7%,30,46,65.2%
273-,PERCUTANEOUS INTRACARDIAC PROCEDURES W MCC,"$1,170,356","$1,770,581",66.1%,"$4,476,080","$7,834,378",57.1%,27,46,58.7%
919-,COMPLICATIONS OF TREATMENT W MCC,"$829,290","$1,766,269",47.0%,"$2,325,759","$6,340,273",36.7%,37,96,38.5%
947-,SIGNS & SYMPTOMS W MCC,"$401,971","$1,711,741",23.5%,"$1,000,089","$5,394,309",18.5%,21,87,24.1%
100-,SEIZURES W MCC,"$641,604","$1,661,108",38.6%,"$1,827,812","$6,007,599",30.4%,26,89,29.2%
300-,PERIPHERAL VASCULAR DISORDERS W CC,"$868,183","$1,641,505",52.9%,"$2,705,536","$4,759,206",56.8%,76,125,60.8%
641-,"MISC DISORDERS OF NUTRITION,METABOLISM,FLUIDS/ELECTROLYTES W/O MCC","$591,974","$1,618,801",36.6%,"$1,921,781","$6,929,563",27.7%,86,228,37.7%
308-,CARDIAC ARRHYTHMIA & CONDUCTION DISORDERS W MCC,"$743,913","$1,616,961",46.0%,"$2,818,479","$6,685,159",42.2%,62,128,48.4%
456-,SPINAL FUS EXC CERV W SPINAL CURV/MALIG/INFEC OR 9 OR MORE FUS W MCC,"$1,048,806","$1,615,716",64.9%,"$2,481,865","$5,107,113",48.6%,,16,
856-,POSTOPERATIVE OR POST-TRAUMATIC INFECTIONS W O.R. PROC W MCC,"$984,791","$1,605,714",61.3%,"$3,368,748","$6,649,318",50.7%,17,30,56.7%
516-,OTHER MUSCULOSKELET SYS & CONN TISS O.R. PROC W CC,"$1,239,979","$1,604,007",77.3%,"$4,387,665","$5,984,175",73.3%,57,78,73.1%
637-,DIABETES W MCC,"$780,526","$1,588,208",49.1%,"$2,928,068","$5,857,848",50.0%,56,111,50.5%
840-,LYMPHOMA & NON-ACUTE LEUKEMIA W MCC,"$1,004,570","$1,561,852",64.3%,"$3,320,841","$5,587,084",59.4%,29,43,67.4%
166-,OTHER RESP SYSTEM O.R. PROCEDURES W MCC,"$791,159","$1,559,961",50.7%,"$2,252,218","$5,763,141",39.1%,18,39,46.2%
312-,SYNCOPE & COLLAPSE,"$717,400","$1,554,785",46.1%,"$2,601,623","$6,602,088",39.4%,81,188,43.1%
948-,SIGNS & SYMPTOMS W/O MCC,"$413,082","$1,537,855",26.9%,"$1,114,487","$4,894,643",22.8%,40,112,35.7%
190-,CHRONIC OBSTRUCTIVE PULMONARY DISEASE W MCC,"$594,167","$1,524,207",39.0%,"$2,022,432","$5,772,282",35.0%,63,147,42.9%
101-,SEIZURES W/O MCC,"$826,382","$1,518,261",54.4%,"$2,340,656","$5,663,074",41.3%,85,178,47.8%
907-,OTHER O.R. PROCEDURES FOR INJURIES W MCC,"$760,020","$1,509,742",50.3%,"$2,642,902","$6,318,013",41.8%,21,42,50.0%
309-,CARDIAC ARRHYTHMIA & CONDUCTION DISORDERS W CC,"$726,409","$1,507,703",48.2%,"$2,566,342","$6,213,905",41.3%,102,218,46.8%
522-,HIP REPLACEMENT WITH PRINCIPAL DIAGNOSIS OF HIP FRACTURE WITHOUT MCC,"$794,657","$1,478,165",53.8%,"$3,733,645","$8,299,937",45.0%,43,83,51.8%
374-,DIGESTIVE MALIGNANCY W MCC,"$954,184","$1,461,317",65.3%,"$3,003,676","$5,166,590",58.1%,40,67,59.7%
808-,MAJOR HEMATOL/IMMUN DIAG EXC SICKLE CELL CRISIS & COAGUL W MCC,"$828,124","$1,402,718",59.0%,"$2,611,913","$5,431,516",48.1%,24,51,47.1%
394-,OTHER DIGESTIVE SYSTEM DIAGNOSES W CC,"$618,879","$1,401,879",44.1%,"$1,983,924","$5,835,227",34.0%,64,150,42.7%
014-,ALLOGENEIC BONE MARROW TRANSPLANT,"$964,162","$1,364,201",70.7%,"$3,094,607","$8,936,578",34.6%,,,
253-,OTHER VASCULAR PROCEDURES W CC,"$799,942","$1,359,502",58.8%,"$3,752,625","$6,574,663",57.1%,35,60,58.3%
466-,REVISION OF HIP OR KNEE REPLACEMENT W MCC,"$581,694","$1,342,193",43.3%,"$1,330,274","$3,198,487",41.6%,,20,
271-,OTHER MAJOR CARDIOVASCULAR PROCEDURES W CC,"$905,738","$1,341,035",67.5%,"$3,735,128","$6,533,819",57.2%,23,39,59.0%
180-,RESPIRATORY NEOPLASMS W MCC,"$931,199","$1,332,597",69.9%,"$2,842,606","$4,993,710",56.9%,41,69,59.4%
987-,NON-EXTENSIVE O.R. PROC UNRELATED TO PRINCIPAL DIAGNOSIS W MCC,"$875,382","$1,315,308",66.6%,"$2,312,601","$4,264,244",54.2%,17,31,54.8%
243-,PERMANENT CARDIAC PACEMAKER IMPLANT W CC,"$763,350","$1,307,297",58.4%,"$2,974,455","$5,685,839",52.3%,36,64,56.3%
299-,PERIPHERAL VASCULAR DISORDERS W MCC,"$627,727","$1,289,507",48.7%,"$1,990,956","$5,456,223",36.5%,44,92,47.8%
483-,MAJOR JOINT & LIMB REATTACHMENT PROC OF UPPER EXTREMITY W CC/MCC,"$863,317","$1,266,971",68.1%,"$3,324,505","$6,073,575",54.7%,35,59,59.3%
264-,OTHER CIRCULATORY SYSTEM O.R. PROCEDURES,"$622,671","$1,264,020",49.3%,"$1,961,756","$5,038,930",38.9%,21,42,50.0%
493-,"LOWER EXTREM & HUMER PROC EXCEPT HIP,FOOT,FEMUR W CC","$612,406","$1,247,425",49.1%,"$2,347,834","$5,332,557",44.0%,26,54,48.1%
175-,PULMONARY EMBOLISM W MCC,"$621,609","$1,238,948",50.2%,"$2,514,226","$5,517,009",45.6%,46,94,48.9%
551-,MEDICAL BACK PROBLEMS W MCC,"$395,350","$1,234,314",32.0%,"$1,399,891","$4,444,802",31.5%,30,65,46.2%
194-,SIMPLE PNEUMONIA & PLEURISY W CC,"$692,519","$1,231,981",56.2%,"$2,179,369","$4,613,231",47.2%,69,136,50.7%
082-,"TRAUMATIC STUPOR & COMA, COMA >1 HR W MCC","$524,434","$1,217,293",43.1%,"$1,211,056","$4,488,509",27.0%,22,48,45.8%
371-,MAJOR GASTROINTESTINAL DISORDERS & PERITONEAL INFECTIONS W MCC,"$639,801","$1,207,718",53.0%,"$1,805,161","$3,976,153",45.4%,37,77,48.1%
435-,MALIGNANCY OF HEPATOBILIARY SYSTEM OR PANCREAS W MCC,"$729,515","$1,199,134",60.8%,"$2,530,851","$4,923,792",51.4%,37,67,55.2%
388-,G.I. OBSTRUCTION W MCC,"$393,746","$1,186,017",33.2%,"$1,386,712","$3,616,115",38.3%,24,60,40.0%
427-,MULTIPLE LEVEL COMBINED ANTERIOR AND POSTERIOR SPINAL FUSION EXCEPT CERVICAL WITH CC,"$1,007,821","$1,180,709",85.4%,"$2,906,509","$4,438,414",65.5%,13,16,81.3%
054-,NERVOUS SYSTEM NEOPLASMS W MCC,"$749,786","$1,177,458",63.7%,"$2,299,182","$4,237,463",54.3%,42,67,62.7%
024-,CRANIO W MAJOR DEV IMPL/ACUTE COMPLEX CNS PDX W/O MCC,"$824,030","$1,163,872",70.8%,"$2,811,697","$4,562,677",61.6%,21,30,70.0%
897-,ALCOHOL/DRUG ABUSE OR DEPENDENCE W/O REHABILITATION THERAPY W/O MCC,"$143,342","$1,161,170",12.3%,"$452,383","$3,651,883",12.4%,23,125,18.4%
464-,"WND DEBRID & SKN GRFT EXC HAND, FOR MUSCULO-CONN TISS DIS W CC","$990,191","$1,160,527",85.3%,"$3,597,033","$4,708,191",76.4%,34,38,89.5%
236-,CORONARY BYPASS W/O CARDIAC CATH W/O MCC,"$452,081","$1,159,790",39.0%,"$2,411,533","$6,559,175",36.8%,12,34,35.3%
471-,CERVICAL SPINAL FUSION W MCC,"$876,627","$1,147,265",76.4%,"$1,960,751","$3,013,602",65.1%,15,21,71.4%
070-,NONSPECIFIC CEREBROVASCULAR DISORDERS W MCC,"$513,860","$1,134,404",45.3%,"$1,384,673","$3,852,048",35.9%,20,54,37.0%
005-,LIVER TRANSPLANT W MCC OR INTESTINAL TRANSPLANT,"$740,346","$1,108,861",66.8%,"$2,370,050","$4,777,722",49.6%,,,
854-,INFECTIOUS & PARASITIC DISEASES W O.R. PROCEDURE W CC,"$451,212","$1,103,999",40.9%,"$1,878,633","$4,629,838",40.6%,22,53,41.5%
638-,DIABETES W CC,"$593,185","$1,088,877",54.5%,"$2,056,780","$4,142,546",49.7%,70,127,55.1%
982-,EXTENSIVE O.R. PROCEDURE UNRELATED TO PRINCIPAL DIAGNOSIS W CC,"$740,614","$1,081,788",68.5%,"$2,667,988","$4,711,332",56.6%,35,49,71.4%
275-,CARDIAC DEFIBRILLATOR IMPLANT WITH CARDIAC CATHETERIZATION AND MCC,"$314,834","$1,073,988",29.3%,"$1,078,964","$4,691,085",23.0%,,15,
813-,COAGULATION DISORDERS,"$581,058","$1,068,025",54.4%,"$1,770,844","$3,540,160",50.0%,27,51,52.9%
823-,LYMPHOMA & NON-ACUTE LEUKEMIA W OTHER O.R. PROC W MCC,"$939,361","$1,066,919",88.0%,"$2,925,436","$3,459,280",84.6%,13,17,76.5%
917-,POISONING & TOXIC EFFECTS OF DRUGS W MCC,"$339,351","$1,066,700",31.8%,"$991,754","$4,602,783",21.5%,21,68,30.9%
862-,POSTOPERATIVE & POST-TRAUMATIC INFECTIONS W MCC,"$629,142","$1,047,671",60.1%,"$1,464,353","$3,197,639",45.8%,27,53,50.9%
459-,SPINAL FUSION EXCEPT CERVICAL W MCC,"$565,824","$1,046,665",54.1%,"$1,572,218","$3,481,571",45.2%,,17,
406-,"PANCREAS, LIVER & SHUNT PROCEDURES W CC","$790,457","$1,045,024",75.6%,"$2,106,678","$3,717,681",56.7%,22,30,73.3%
469-,MAJOR JOINT REPLACEMENT OR REATTACHMENT OF LOWER EXTREMITY W MCC,"$761,221","$1,044,107",72.9%,"$2,429,873","$3,719,102",65.3%,22,33,66.7%
052-,SPINAL DISORDERS & INJURIES W CC/MCC,"$24,388","$1,038,361",2.3%,"$46,397","$2,894,950",1.6%,,25,
405-,"PANCREAS, LIVER & SHUNT PROCEDURES W MCC","$866,702","$1,032,425",83.9%,"$2,195,971","$2,817,734",77.9%,13,16,81.3%
477-,BIOPSIES OF MUSCULOSKELETAL SYSTEM & CONNECTIVE TISSUE W MCC,"$454,126","$1,031,613",44.0%,"$1,429,457","$3,693,153",38.7%,13,27,48.1%
178-,RESPIRATORY INFECTIONS & INFLAMMATIONS W CC,"$553,721","$1,013,177",54.7%,"$1,816,400","$4,393,853",41.3%,59,119,49.6%
654-,MAJOR BLADDER PROCEDURES W CC,"$755,847","$1,010,620",74.8%,"$2,023,072","$3,679,182",55.0%,20,30,66.7%
468-,REVISION OF HIP OR KNEE REPLACEMENT W/O CC/MCC,"$652,790","$1,004,992",65.0%,"$1,865,113","$4,147,307",45.0%,22,41,53.7%
389-,G.I. OBSTRUCTION W CC,"$611,085","$987,988",61.9%,"$2,402,535","$4,500,125",53.4%,71,130,54.6%
650-,KIDNEY TRANSPLANT WITH HEMODIALYSIS WITH MCC,"$425,314","$967,393",44.0%,"$2,379,271","$5,805,282",41.0%,,18,
356-,OTHER DIGESTIVE SYSTEM O.R. PROCEDURES W MCC,"$565,580","$950,074",59.5%,"$1,548,471","$3,397,940",45.6%,13,26,50.0%
287-,"CIRCULATORY DISORDERS EXCEPT AMI, W CARD CATH W/O MCC","$538,731","$947,785",56.8%,"$2,411,457","$4,980,583",48.4%,53,99,53.5%
438-,DISORDERS OF PANCREAS EXCEPT MALIGNANCY W MCC,"$379,483","$943,470",40.2%,"$1,311,021","$2,981,072",44.0%,23,63,36.5%
242-,PERMANENT CARDIAC PACEMAKER IMPLANT W MCC,"$410,598","$940,627",43.7%,"$1,788,394","$4,805,906",37.2%,15,34,44.1%
281-,"ACUTE MYOCARDIAL INFARCTION, DISCHARGED ALIVE W CC","$538,064","$921,690",58.4%,"$2,173,004","$5,146,326",42.2%,56,109,51.4%
920-,COMPLICATIONS OF TREATMENT W CC,"$423,535","$913,118",46.4%,"$1,365,492","$3,068,368",44.5%,37,73,50.7%
643-,ENDOCRINE DISORDERS W MCC,"$591,713","$907,938",65.2%,"$1,623,464","$3,164,143",51.3%,32,60,53.3%
602-,CELLULITIS W MCC,"$436,106","$896,489",48.6%,"$1,570,726","$3,144,840",49.9%,35,70,50.0%
908-,OTHER O.R. PROCEDURES FOR INJURIES W CC,"$578,714","$889,617",65.1%,"$1,658,055","$3,044,112",54.5%,23,45,51.1%
020-,INTRACRANIAL VASCULAR PROCEDURES W PDX HEMORRHAGE W MCC,"$496,915","$881,710",56.4%,"$1,362,013","$2,916,022",46.7%,,,
451-,SINGLE LEVEL SPINAL FUSION EXCEPT CERVICAL WITHOUT MCC,"$738,887","$876,147",84.3%,"$2,237,072","$3,081,203",72.6%,21,27,77.8%
196-,INTERSTITIAL LUNG DISEASE W MCC,"$548,223","$874,682",62.7%,"$1,426,576","$2,917,308",48.9%,25,43,58.1%
372-,MAJOR GASTROINTESTINAL DISORDERS & PERITONEAL INFECTIONS W CC,"$499,799","$874,496",57.2%,"$1,418,944","$3,734,685",38.0%,42,88,47.7%
205-,OTHER RESPIRATORY SYSTEM DIAGNOSES W MCC,"$460,929","$862,419",53.4%,"$1,149,754","$2,685,600",42.8%,21,39,53.8%
071-,NONSPECIFIC CEREBROVASCULAR DISORDERS W CC,"$372,508","$850,956",43.8%,"$1,147,084","$2,862,891",40.1%,25,62,40.3%
277-,CARDIAC DEFIBRILLATOR IMPLANT WITHOUT MCC,"$633,887","$850,089",74.6%,"$2,221,369","$2,720,383",81.7%,14,17,82.4%
074-,CRANIAL & PERIPHERAL NERVE DISORDERS W/O MCC,"$313,467","$845,556",37.1%,"$970,843","$3,165,846",30.7%,31,87,35.6%
085-,"TRAUMATIC STUPOR & COMA, COMA <1 HR W MCC","$435,273","$838,527",51.9%,"$1,049,625","$2,583,169",40.6%,18,34,52.9%
418-,LAPAROSCOPIC CHOLECYSTECTOMY W/O C.D.E. W CC,"$352,163","$835,969",42.1%,"$1,540,219","$4,071,574",37.8%,22,49,44.9%
165-,MAJOR CHEST PROCEDURES W/O CC/MCC,"$646,763","$829,636",78.0%,"$1,772,586","$2,930,120",60.5%,35,47,74.5%
269-,AORTIC AND HEART ASSIST PROCEDURES EXCEPT PULSATION BALLOON W/O MCC,"$496,887","$815,077",61.0%,"$1,400,276","$3,155,808",44.4%,11,20,55.0%
857-,POSTOPERATIVE OR POST-TRAUMATIC INFECTIONS W O.R. PROC W CC,"$598,475","$812,690",73.6%,"$2,153,716","$3,257,120",66.1%,26,36,72.2%
847-,CHEMOTHERAPY W/O ACUTE LEUKEMIA AS SECONDARY DIAGNOSIS W CC,"$641,341","$811,672",79.0%,"$1,236,991","$1,823,224",67.8%,37,51,72.5%
628-,"OTHER ENDOCRINE, NUTRIT & METAB O.R. PROC W MCC","$525,390","$797,116",65.9%,"$1,240,821","$2,573,399",48.2%,12,19,63.2%
519-,BACK & NECK PROC EXC SPINAL FUSION W CC,"$639,572","$794,599",80.5%,"$2,358,990","$3,354,718",70.3%,31,43,72.1%
324-,CORONARY INTRAVASCULAR LITHOTRIPSY WITH INTRALUMINAL DEVICE WITHOUT MCC,"$628,374","$794,335",79.1%,"$2,062,043","$2,945,619",70.0%,15,21,71.4%
402-,SINGLE LEVEL COMBINED ANTERIOR AND POSTERIOR SPINAL FUSION EXCEPT CERVICAL,"$455,798","$793,439",57.4%,"$1,282,826","$3,254,397",39.4%,11,21,52.4%
215-,OTHER HEART ASSIST SYSTEM IMPLANT,"$234,084","$783,486",29.9%,"$530,257","$3,631,585",14.6%,,,
228-,OTHER CARDIOTHORACIC PROCEDURES W MCC,"$432,604","$770,184",56.2%,"$1,448,083","$3,079,235",47.0%,,14,
327-,"STOMACH, ESOPHAGEAL & DUODENAL PROC W CC","$491,032","$769,416",63.8%,"$1,728,523","$3,527,240",49.0%,18,31,58.1%
202-,BRONCHITIS & ASTHMA W CC/MCC,"$310,851","$759,983",40.9%,"$943,515","$2,843,017",33.2%,35,78,44.9%
073-,CRANIAL & PERIPHERAL NERVE DISORDERS W MCC,"$246,742","$759,912",32.5%,"$720,887","$2,749,391",26.2%,,40,
040-,PERIPH/CRANIAL NERVE & OTHER NERV SYST PROC W MCC,"$371,575","$751,998",49.4%,"$1,225,055","$3,341,112",36.7%,,19,
659-,KIDNEY & URETER PROCEDURES FOR NON-NEOPLASM W MCC,"$344,270","$738,817",46.6%,"$1,000,153","$3,232,732",30.9%,13,27,48.1%
444-,DISORDERS OF THE BILIARY TRACT W MCC,"$470,846","$738,801",63.7%,"$1,992,399","$3,284,362",60.7%,28,49,57.1%
653-,MAJOR BLADDER PROCEDURES W MCC,"$594,554","$716,396",83.0%,"$1,305,574","$2,035,992",64.1%,,11,
323-,CORONARY INTRAVASCULAR LITHOTRIPSY WITH INTRALUMINAL DEVICE WITH MCC,"$292,048","$714,674",40.9%,"$1,382,446","$3,589,334",38.5%,,14,
660-,KIDNEY & URETER PROCEDURES FOR NON-NEOPLASM W CC,"$415,444","$713,334",58.2%,"$2,175,619","$4,145,274",52.5%,37,66,56.1%
335-,PERITONEAL ADHESIOLYSIS W MCC,"$384,201","$712,411",53.9%,"$1,242,090","$3,102,052",40.0%,,18,
026-,CRANIOTOMY & ENDOVASCULAR INTRACRANIAL PROCEDURES W CC,"$487,986","$710,799",68.7%,"$1,100,849","$2,882,975",38.2%,12,20,60.0%
417-,LAPAROSCOPIC CHOLECYSTECTOMY W/O C.D.E. W MCC,"$419,166","$696,855",60.2%,"$2,126,509","$3,776,198",56.3%,19,36,52.8%
279-,ULTRASOUND ACCELERATED AND OTHER THROMBOLYSIS OF PERIPHERAL VASCULAR STRUCTURES WITHOUT MCC,"$497,096","$688,112",72.2%,"$1,261,206","$2,557,779",49.3%,,16,
542-,PATHOLOGICAL FRACTURES & MUSCULOSKELET & CONN TISS MALIG W MCC,"$385,789","$686,194",56.2%,"$781,968","$2,254,700",34.7%,20,39,51.3%
016-,AUTOLOGOUS BONE MARROW TRANSPLANT W CC/MCC,"$470,453","$682,993",68.9%,"$923,584","$1,453,149",63.6%,,11,
674-,OTHER KIDNEY & URINARY TRACT PROCEDURES W CC,"$550,980","$681,784",80.8%,"$1,583,304","$1,951,076",81.2%,21,27,77.8%
543-,PATHOLOGICAL FRACTURES & MUSCULOSKELET & CONN TISS MALIG W CC,"$369,609","$678,251",54.5%,"$932,445","$2,374,335",39.3%,30,63,47.6%
515-,OTHER MUSCULOSKELET SYS & CONN TISS O.R. PROC W MCC,"$360,044","$672,309",53.6%,"$1,170,897","$2,373,020",49.3%,14,22,63.6%
561-,"AFTERCARE, MUSCULOSKELETAL SYSTEM & CONNECTIVE TISSUE W/O CC/MCC","$166,016","$656,039",25.3%,"$413,381","$1,668,108",24.8%,,34,
809-,MAJOR HEMATOL/IMMUN DIAG EXC SICKLE CELL CRISIS & COAGUL W CC,"$347,350","$655,051",53.0%,"$1,290,586","$2,464,960",52.4%,25,54,46.3%
901-,WOUND DEBRIDEMENTS FOR INJURIES W MCC,"$32,185","$649,251",5.0%,"$42,923","$659,989",6.5%,,,
445-,DISORDERS OF THE BILIARY TRACT W CC,"$412,004","$646,726",63.7%,"$1,540,249","$2,534,723",60.8%,32,60,53.3%
035-,CAROTID ARTERY STENT PROCEDURE W CC,"$472,615","$643,193",73.5%,"$1,512,036","$2,494,229",60.6%,16,25,64.0%
521-,HIP REPLACEMENT WITH PRINCIPAL DIAGNOSIS OF HIP FRACTURE WITH MCC,"$288,458","$643,132",44.9%,"$1,204,914","$3,115,254",38.7%,11,25,44.0%
904-,SKIN GRAFTS FOR INJURIES W CC/MCC,"$214,740","$642,880",33.4%,"$319,001","$748,237",42.6%,,,
644-,ENDOCRINE DISORDERS W CC,"$216,866","$641,570",33.8%,"$554,318","$2,069,905",26.8%,22,57,38.6%
240-,AMPUTATION FOR CIRC SYS DISORDERS EXC UPPER LIMB & TOE W CC,"$446,091","$632,241",70.6%,"$1,226,151","$2,039,902",60.1%,,19,
315-,OTHER CIRCULATORY SYSTEM DIAGNOSES W CC,"$274,378","$620,460",44.2%,"$899,024","$3,603,440",24.9%,28,75,37.3%
580-,"OTHER SKIN, SUBCUT TISS & BREAST PROC W CC","$240,472","$619,171",38.8%,"$981,379","$2,446,329",40.1%,17,33,51.5%
518-,BACK & NECK PROC EXC SPINAL FUSION W MCC OR DISC DEVICE/NEUROSTIM,"$417,410","$609,368",68.5%,"$953,540","$2,127,176",44.8%,,15,
846-,CHEMOTHERAPY W/O ACUTE LEUKEMIA AS SECONDARY DIAGNOSIS W MCC,"$581,471","$605,692",96.0%,"$1,018,143","$1,037,957",98.1%,19,20,95.0%
579-,"OTHER SKIN, SUBCUT TISS & BREAST PROC W MCC","$491,865","$598,290",82.2%,"$1,797,602","$2,913,964",61.7%,14,20,70.0%
094-,BACTERIAL & TUBERCULOUS INFECTIONS OF NERVOUS SYSTEM W MCC,"$178,747","$595,912",30.0%,"$483,639","$2,158,193",22.4%,,16,
027-,CRANIOTOMY & ENDOVASCULAR INTRACRANIAL PROCEDURES W/O CC/MCC,"$440,108","$593,637",74.1%,"$1,539,789","$2,462,746",62.5%,16,23,69.6%
304-,HYPERTENSION W MCC,"$205,401","$591,179",34.7%,"$792,562","$3,201,176",24.8%,19,66,28.8%
988-,NON-EXTENSIVE O.R. PROC UNRELATED TO PRINCIPAL DIAGNOSIS W CC,"$381,734","$588,899",64.8%,"$917,043","$1,799,652",51.0%,14,25,56.0%
176-,PULMONARY EMBOLISM W/O MCC,"$327,534","$585,173",56.0%,"$1,293,062","$2,451,550",52.7%,49,82,59.8%
426-,MULTIPLE LEVEL COMBINED ANTERIOR AND POSTERIOR SPINAL FUSION EXCEPT CERVICAL WITH MCC OR CUSTOM-MADE ANATOMICALLY DESIGNED INTERBODY FUSION DEVICE,"$368,356","$581,808",63.3%,"$1,087,021","$1,676,302",64.8%,,,
433-,CIRRHOSIS & ALCOHOLIC HEPATITIS W CC,"$297,266","$580,570",51.2%,"$696,614","$2,129,642",32.7%,26,63,41.3%
375-,DIGESTIVE MALIGNANCY W CC,"$459,284","$579,013",79.3%,"$1,583,357","$2,225,308",71.2%,37,49,75.5%
292-,HEART FAILURE & SHOCK W CC,"$162,496","$575,839",28.2%,"$458,879","$1,929,824",23.8%,18,57,31.6%
086-,"TRAUMATIC STUPOR & COMA, COMA <1 HR W CC","$385,846","$573,689",67.3%,"$965,334","$2,027,523",47.6%,29,49,59.2%
357-,OTHER DIGESTIVE SYSTEM O.R. PROCEDURES W CC,"$302,909","$572,727",52.9%,"$881,477","$1,813,954",48.6%,,18,
220-,CARDIAC VALVE & OTH MAJ CARDIOTHORACIC PROC W/O CARD CATH W CC,"$160,502","$572,082",28.1%,"$659,016","$3,196,994",20.6%,,13,
956-,"LIMB REATTACHMENT, HIP & FEMUR PROC FOR MULTIPLE SIGNIFICANT TRAUMA","$206,821","$566,693",36.5%,"$586,352","$2,310,312",25.4%,,17,
820-,LYMPHOMA & LEUKEMIA W MAJOR O.R. PROCEDURE W MCC,"$451,324","$564,411",80.0%,"$967,361","$1,307,107",74.0%,,,
028-,SPINAL PROCEDURES W MCC,"$493,711","$557,616",88.5%,"$921,621","$1,296,899",71.1%,,,
313-,CHEST PAIN,"$95,220","$542,865",17.5%,"$435,408","$2,215,070",19.7%,19,79,24.1%
841-,LYMPHOMA & NON-ACUTE LEUKEMIA W CC,"$406,179","$540,973",75.1%,"$1,238,753","$1,983,706",62.4%,21,34,61.8%
083-,"TRAUMATIC STUPOR & COMA, COMA >1 HR W CC","$220,171","$537,234",41.0%,"$809,871","$1,790,103",45.2%,16,32,50.0%
191-,CHRONIC OBSTRUCTIVE PULMONARY DISEASE W CC,"$211,312","$536,706",39.4%,"$864,417","$2,536,153",34.1%,31,73,42.5%
545-,CONNECTIVE TISSUE DISORDERS W MCC,"$457,305","$535,060",85.5%,"$1,036,696","$1,393,788",74.4%,16,20,80.0%
555-,SIGNS & SYMPTOMS OF MUSCULOSKELETAL SYSTEM & CONN TISSUE W MCC,"$93,456","$523,125",17.9%,"$413,758","$1,780,045",23.2%,,25,
268-,AORTIC AND HEART ASSIST PROCEDURES EXCEPT PULSATION BALLOON W MCC,"$359,288","$520,259",69.1%,"$1,302,242","$2,264,518",57.5%,,,
657-,KIDNEY & URETER PROCEDURES FOR NEOPLASM W CC,"$416,193","$515,818",80.7%,"$1,668,175","$2,265,704",73.6%,23,29,79.3%
141-,MAJOR HEAD AND NECK PROCEDURES WITH CC,"$452,833","$515,291",87.9%,"$1,863,040","$2,280,986",81.7%,20,23,87.0%
478-,BIOPSIES OF MUSCULOSKELETAL SYSTEM & CONNECTIVE TISSUE W CC,"$360,344","$515,199",69.9%,"$1,155,168","$1,933,025",59.8%,15,23,65.2%
539-,OSTEOMYELITIS W MCC,"$194,236","$514,554",37.7%,"$408,841","$1,730,837",23.6%,,21,
448-,MULTIPLE LEVEL SPINAL FUSION EXCEPT CERVICAL WITHOUT MCC,"$428,294","$511,462",83.7%,"$1,267,115","$2,067,341",61.3%,,11,
485-,KNEE PROCEDURES W PDX OF INFECTION W MCC,"$337,191","$501,947",67.2%,"$945,419","$1,705,146",55.4%,,13,
186-,PLEURAL EFFUSION W MCC,"$266,416","$495,992",53.7%,"$846,350","$2,102,167",40.3%,18,39,46.2%
442-,"DISORDERS OF LIVER EXCEPT MALIG,CIRR,ALC HEPA W CC","$296,996","$495,382",60.0%,"$1,110,420","$2,121,585",52.3%,27,51,52.9%
623-,"SKIN GRAFTS & WOUND DEBRID FOR ENDOC, NUTRIT & METAB DIS W CC","$251,323","$494,122",50.9%,"$895,093","$1,697,681",52.7%,14,26,53.8%
229-,OTHER CARDIOTHORACIC PROCEDURES W CC,"$315,411","$486,725",64.8%,"$1,754,898","$2,499,864",70.2%,11,17,64.7%
656-,KIDNEY & URETER PROCEDURES FOR NEOPLASM W MCC,"$398,029","$484,673",82.1%,"$991,901","$1,361,583",72.8%,11,14,78.6%
439-,DISORDERS OF PANCREAS EXCEPT MALIGNANCY W CC,"$131,305","$471,732",27.8%,"$404,934","$2,368,271",17.1%,15,52,28.8%
336-,PERITONEAL ADHESIOLYSIS W CC,"$213,533","$466,853",45.7%,"$1,018,588","$2,483,150",41.0%,11,25,44.0%
167-,OTHER RESP SYSTEM O.R. PROCEDURES W CC,"$369,936","$466,176",79.4%,"$1,180,647","$1,747,153",67.6%,23,29,79.3%
617-,"AMPUTAT OF LOWER LIMB FOR ENDOCRINE,NUTRIT,& METABOL DIS W CC","$316,106","$465,921",67.8%,"$1,120,750","$1,925,591",58.2%,17,26,65.4%
331-,MAJOR SMALL & LARGE BOWEL PROCEDURES W/O CC/MCC,"$265,834","$455,955",58.3%,"$1,131,070","$2,098,191",53.9%,16,30,53.3%
592-,SKIN ULCERS W MCC,"$199,930","$453,734",44.1%,"$402,797","$1,373,096",29.3%,,24,
488-,KNEE PROCEDURES W/O PDX OF INFECTION W CC/MCC,"$376,216","$452,816",83.1%,"$1,061,847","$1,636,974",64.9%,18,24,75.0%
012-,"TRACHEOSTOMY FOR FACE,MOUTH & NECK DIAGNOSES W CC","$449,716","$449,716",100.0%,"$981,275","$981,275",100.0%,,,
474-,AMPUTATION FOR MUSCULOSKELETAL SYS & CONN TISSUE DIS W MCC,"$308,294","$443,870",69.5%,"$889,286","$1,367,023",65.1%,,11,
896-,ALCOHOL/DRUG ABUSE OR DEPENDENCE W/O REHABILITATION THERAPY W MCC,"$225,728","$440,435",51.3%,"$457,535","$1,525,472",30.0%,12,27,44.4%
041-,PERIPH/CRANIAL NERVE & OTHER NERV SYST PROC W CC OR PERIPH NEUROSTIM,"$330,775","$440,021",75.2%,"$1,304,222","$1,977,246",66.0%,13,19,68.4%
069-,TRANSIENT ISCHEMIA,"$174,536","$436,330",40.0%,"$552,750","$1,988,068",27.8%,20,56,35.7%
918-,POISONING & TOXIC EFFECTS OF DRUGS W/O MCC,"$150,260","$426,454",35.2%,"$358,533","$1,032,443",34.7%,14,39,35.9%
234-,CORONARY BYPASS W CARDIAC CATH W/O MCC,"$253,782","$420,193",60.4%,"$1,559,590","$2,344,435",66.5%,,,
037-,EXTRACRANIAL PROCEDURES W MCC,"$109,681","$415,876",26.4%,"$263,617","$1,057,704",24.9%,,12,
059-,MULTIPLE SCLEROSIS & CEREBELLAR ATAXIA W CC,"$180,563","$411,080",43.9%,"$421,352","$1,564,673",26.9%,,24,
554-,BONE DISEASES & ARTHROPATHIES W/O MCC,"$292,276","$407,791",71.7%,"$727,524","$1,267,849",57.4%,25,44,56.8%
305-,HYPERTENSION W/O MCC,"$196,930","$405,047",48.6%,"$732,306","$2,042,865",35.8%,25,65,38.5%
563-,"FX, SPRN, STRN & DISL EXCEPT FEMUR, HIP, PELVIS & THIGH W/O MCC","$198,881","$402,494",49.4%,"$905,969","$2,002,507",45.2%,28,58,48.3%
029-,SPINAL PROCEDURES W CC OR SPINAL NEUROSTIMULATORS,"$263,021","$398,272",66.0%,"$865,043","$1,567,847",55.2%,,12,
754-,"MALIGNANCY, FEMALE REPRODUCTIVE SYSTEM W MCC","$245,888","$397,172",61.9%,"$760,453","$1,105,172",68.8%,11,16,68.8%
557-,"TENDONITIS, MYOSITIS & BURSITIS W MCC","$107,590","$396,794",27.1%,"$364,970","$1,347,513",27.1%,,20,
354-,HERNIA PROCEDURES EXCEPT INGUINAL & FEMORAL W CC,"$311,618","$392,149",79.5%,"$647,842","$1,359,159",47.7%,11,18,61.1%
614-,ADRENAL & PITUITARY PROCEDURES W CC/MCC,"$349,825","$390,687",89.5%,"$1,249,608","$1,568,376",79.7%,11,13,84.6%
517-,OTHER MUSCULOSKELET SYS & CONN TISS O.R. PROC W/O CC/MCC,"$267,866","$390,310",68.6%,"$1,555,373","$2,135,860",72.8%,35,46,76.1%
863-,POSTOPERATIVE & POST-TRAUMATIC INFECTIONS W/O MCC,"$207,089","$387,184",53.5%,"$412,392","$1,058,457",39.0%,17,28,60.7%
622-,"SKIN GRAFTS & WOUND DEBRID FOR ENDOC, NUTRIT & METAB DIS W MCC","$197,059","$384,041",51.3%,"$213,266","$941,929",22.6%,,,
957-,OTHER O.R. PROCEDURES FOR MULTIPLE SIGNIFICANT TRAUMA W MCC,"$84,085","$376,574",22.3%,"$144,643","$1,089,802",13.3%,,,
492-,"LOWER EXTREM & HUMER PROC EXCEPT HIP,FOOT,FEMUR W MCC","$52,894","$372,784",14.2%,"$209,817","$1,516,189",13.8%,,12,
058-,MULTIPLE SCLEROSIS & CEREBELLAR ATAXIA W MCC,"$93,520","$370,844",25.2%,"$253,600","$1,062,819",23.9%,,14,
565-,OTHER MUSCULOSKELETAL SYS & CONNECTIVE TISSUE DIAGNOSES W CC,"$220,340","$370,379",59.5%,"$404,319","$1,293,260",31.3%,11,32,34.4%
950-,AFTERCARE W/O CC/MCC,"$118,141","$369,880",31.9%,"$272,948","$1,015,027",26.9%,,16,
000-,UNKNOWN,"$169,287","$368,407",46.0%,"$549,639","$1,153,546",47.6%,,19,
829-,MYELOPROLIF DISORD OR POORLY DIFF NEOPL W OTHER O.R. PROC W CC/MCC,"$235,909","$366,748",64.3%,"$533,354","$1,240,410",43.0%,,,
103-,HEADACHES W/O MCC,"$205,962","$360,002",57.2%,"$604,147","$1,720,554",35.1%,20,45,44.4%
093-,OTHER DISORDERS OF NERVOUS SYSTEM W/O CC/MCC,"$82,818","$359,588",23.0%,"$333,687","$1,309,422",25.5%,12,33,36.4%
838-,CHEMO W ACUTE LEUKEMIA AS SDX W CC OR HIGH DOSE CHEMO AGENT,"$227,583","$359,086",63.4%,"$424,781","$1,073,133",39.6%,,14,
482-,HIP & FEMUR PROCEDURES EXCEPT MAJOR JOINT W/O CC/MCC,"$46,084","$350,802",13.1%,"$349,283","$1,920,142",18.2%,,27,
558-,"TENDONITIS, MYOSITIS & BURSITIS W/O MCC","$215,219","$348,778",61.7%,"$725,340","$1,153,857",62.9%,19,31,61.3%
181-,RESPIRATORY NEOPLASMS W CC,"$189,420","$346,457",54.7%,"$376,670","$909,484",41.4%,16,28,57.1%
276-,CARDIAC DEFIBRILLATOR IMPLANT WITH MCC,"$121,968","$339,330",35.9%,"$658,315","$1,735,031",37.9%,,,
061-,ACUTE ISCHEMIC STROKE W USE OF THROMBOLYTIC AGENT W MCC,"$178,224","$339,168",52.5%,"$622,120","$1,415,336",44.0%,,15,
055-,NERVOUS SYSTEM NEOPLASMS W/O MCC,"$205,859","$337,911",60.9%,"$477,725","$998,587",47.8%,12,21,57.1%
278-,ULTRASOUND ACCELERATED AND OTHER THROMBOLYSIS OF PERIPHERAL VASCULAR STRUCTURES WITH MCC,"$228,888","$335,960",68.1%,"$522,819","$999,782",52.3%,,,
146-,"EAR, NOSE, MOUTH & THROAT MALIGNANCY W MCC","$197,506","$331,307",59.6%,"$632,960","$779,487",81.2%,,12,
570-,SKIN DEBRIDEMENT W MCC,"$77,167","$328,698",23.5%,"$188,525","$1,910,226",9.9%,,,
199-,PNEUMOTHORAX W MCC,"$142,538","$320,709",44.4%,"$455,491","$1,252,409",36.4%,,20,
206-,OTHER RESPIRATORY SYSTEM DIAGNOSES W/O MCC,"$123,365","$319,331",38.6%,"$259,542","$772,471",33.6%,,24,
556-,SIGNS & SYMPTOMS OF MUSCULOSKELETAL SYSTEM & CONN TISSUE W/O MCC,"$123,219","$319,228",38.6%,"$371,459","$1,031,737",36.0%,14,33,42.4%
173-,ULTRASOUND ACCELERATED AND OTHER THROMBOLYSIS WITH PRINCIPAL DIAGNOSIS PULMONARY EMBOLISM,"$298,615","$317,866",93.9%,"$688,053","$837,823",82.1%,,,
824-,LYMPHOMA & NON-ACUTE LEUKEMIA W OTHER O.R. PROC W CC,"$268,144","$317,076",84.6%,"$676,927","$1,012,106",66.9%,,12,
880-,ACUTE ADJUSTMENT REACTION & PSYCHOSOCIAL DYSFUNCTION,"$232,262","$316,922",73.3%,"$691,965","$1,215,309",56.9%,20,35,57.1%
423-,OTHER HEPATOBILIARY OR PANCREAS O.R. PROCEDURES W MCC,"$193,472","$316,828",61.1%,"$620,073","$1,255,795",49.4%,,,
486-,KNEE PROCEDURES W PDX OF INFECTION W CC,"$259,625","$316,620",82.0%,"$708,987","$1,045,775",67.8%,,12,
436-,MALIGNANCY OF HEPATOBILIARY SYSTEM OR PANCREAS W CC,"$176,329","$316,321",55.7%,"$652,744","$1,460,868",44.7%,17,32,53.1%
867-,OTHER INFECTIOUS & PARASITIC DISEASES DIAGNOSES W MCC,"$120,790","$315,081",38.3%,"$395,331","$1,365,816",28.9%,,11,
066-,INTRACRANIAL HEMORRHAGE OR CEREBRAL INFARCTION W/O CC/MCC,"$176,806","$312,840",56.5%,"$595,503","$1,794,224",33.2%,19,48,39.6%
011-,"TRACHEOSTOMY FOR FACE,MOUTH & NECK DIAGNOSES W MCC","$223,477","$311,098",71.8%,"$462,137","$1,107,132",41.7%,,,
098-,NON-BACTERIAL INFECT OF NERVOUS SYS EXC VIRAL MENINGITIS W CC,"$141,227","$306,986",46.0%,"$437,151","$962,699",45.4%,,11,
489-,KNEE PROCEDURES W/O PDX OF INFECTION W/O CC/MCC,"$287,397","$306,690",93.7%,"$795,373","$913,101",87.1%,22,24,91.7%
739-,"UTERINE,ADNEXA PROC FOR NON-OVARIAN/ADNEXAL MALIG W MCC","$232,358","$304,420",76.3%,"$460,092","$768,326",59.9%,,,
963-,OTHER MULTIPLE SIGNIFICANT TRAUMA W MCC,"$73,966","$299,837",24.7%,"$171,276","$826,127",20.7%,,,
616-,"AMPUTAT OF LOWER LIMB FOR ENDOCRINE,NUTRIT,& METABOL DIS W MCC","$244,960","$299,138",81.9%,"$872,210","$1,154,537",75.5%,,,
621-,O.R. PROCEDURES FOR OBESITY W/O CC/MCC,"$298,920","$298,920",100.0%,"$782,551","$782,551",100.0%,15,15,100.0%
501-,SOFT TISSUE PROCEDURES W CC,"$122,432","$298,535",41.0%,"$430,300","$1,365,255",31.5%,,17,
564-,OTHER MUSCULOSKELETAL SYS & CONNECTIVE TISSUE DIAGNOSES W MCC,"$116,078","$297,913",39.0%,"$333,113","$1,136,851",29.3%,,23,
034-,CAROTID ARTERY STENT PROCEDURE W MCC,"$149,268","$296,001",50.4%,"$465,916","$1,712,097",27.2%,,,
828-,MYELOPROLIF DISORD OR POORLY DIFF NEOPL W MAJ O.R. PROC W/O CC/MCC,"$243,077","$295,425",82.3%,"$453,753","$812,318",55.9%,,,
475-,AMPUTATION FOR MUSCULOSKELETAL SYS & CONN TISSUE DIS W CC,"$222,297","$293,905",75.6%,"$802,212","$1,172,747",68.4%,,13,
149-,DYSEQUILIBRIUM,"$104,264","$292,394",35.7%,"$552,764","$1,622,979",34.1%,23,50,46.0%
283-,"ACUTE MYOCARDIAL INFARCTION, EXPIRED W MCC","$119,460","$292,287",40.9%,"$327,482","$1,264,196",25.9%,,16,
380-,COMPLICATED PEPTIC ULCER W MCC,"$185,566","$292,249",63.5%,"$655,987","$1,188,965",55.2%,,16,
571-,SKIN DEBRIDEMENT W CC,"$115,406","$289,668",39.8%,"$429,155","$1,234,609",34.8%,,24,
651-,KIDNEY TRANSPLANT WITH HEMODIALYSIS WITHOUT MCC,"$83,533","$287,859",29.0%,"$559,341","$2,412,596",23.2%,,,
835-,ACUTE LEUKEMIA W/O MAJOR O.R. PROCEDURE W CC,"$137,282","$287,696",47.7%,"$435,649","$767,847",56.7%,,,
945-,REHABILITATION W CC/MCC,$0,"$286,846",0.0%,$0,"$923,542",0.0%,0,11,0.0%
062-,ACUTE ISCHEMIC STROKE W USE OF THROMBOLYTIC AGENT W CC,"$143,480","$285,762",50.2%,"$623,854","$1,255,967",49.7%,,17,
310-,CARDIAC ARRHYTHMIA & CONDUCTION DISORDERS W/O CC/MCC,"$134,147","$283,555",47.3%,"$723,222","$1,888,291",38.3%,36,80,45.0%
212-,CONCOMITANT AORTIC AND MITRAL VALVEPROCEDURES,"$150,450","$280,072",53.7%,"$606,558","$980,429",61.9%,,,
850-,ACUTE LEUKEMIA WITH OTHER PROCEDURES,"$113,154","$274,575",41.2%,"$130,312","$691,662",18.8%,,,
494-,"LOWER EXTREM & HUMER PROC EXCEPT HIP,FOOT,FEMUR W/O CC/MCC","$153,120","$270,932",56.5%,"$867,562","$1,674,038",51.8%,,17,
306-,CARDIAC CONGENITAL & VALVULAR DISORDERS W MCC,"$177,234","$270,648",65.5%,"$336,562","$722,316",46.6%,,17,
097-,NON-BACTERIAL INFECT OF NERVOUS SYS EXC VIRAL MENINGITIS W MCC,"$217,625","$270,240",80.5%,"$736,589","$1,053,597",69.9%,,,
661-,KIDNEY & URETER PROCEDURES FOR NON-NEOPLASM W/O CC/MCC,"$182,163","$268,396",67.9%,"$972,284","$1,530,090",63.5%,19,29,65.5%
184-,MAJOR CHEST TRAUMA W CC,"$64,865","$266,478",24.3%,"$208,653","$661,948",31.5%,,20,
031-,VENTRICULAR SHUNT PROCEDURES W MCC,"$45,845","$264,228",17.4%,"$51,465","$858,535",6.0%,,,
038-,EXTRACRANIAL PROCEDURES W CC,"$165,729","$254,928",65.0%,"$798,203","$1,420,033",56.2%,11,19,57.9%
244-,PERMANENT CARDIAC PACEMAKER IMPLANT W/O CC/MCC,"$116,744","$250,058",46.7%,"$443,229","$1,206,268",36.7%,,17,
500-,SOFT TISSUE PROCEDURES W MCC,"$149,951","$247,791",60.5%,"$565,478","$946,085",59.8%,,,
894-,"ALCOHOL/DRUG ABUSE OR DEPENDENCE, LEFT AMA",$0,"$247,133",0.0%,$0,"$513,789",0.0%,0,19,0.0%
319-,OTHER ENDOVASCULAR CARDIAC VALVE PROCEDURES W MCC,"$102,535","$241,804",42.4%,"$276,622","$819,747",33.7%,,,
007-,LUNG TRANSPLANT,$0,"$240,192",0.0%,$0,"$1,240,945",0.0%,0,,0.0%
473-,CERVICAL SPINAL FUSION W/O CC/MCC,"$168,304","$239,266",70.3%,"$598,918","$1,217,711",49.2%,,14,
821-,LYMPHOMA & LEUKEMIA W MAJOR O.R. PROCEDURE W CC,"$225,211","$238,637",94.4%,"$769,209","$853,926",90.1%,,,
288-,ACUTE & SUBACUTE ENDOCARDITIS W MCC,"$83,524","$237,535",35.2%,"$183,665","$886,740",20.7%,,,
157-,DENTAL & ORAL DISEASES W MCC,"$139,252","$232,327",59.9%,"$505,421","$933,069",54.2%,,11,
008-,SIMULTANEOUS PANCREAS/KIDNEY TRANSPLANT,"$59,768","$231,983",25.8%,"$364,349","$2,025,080",18.0%,,,
385-,INFLAMMATORY BOWEL DISEASE W MCC,"$67,349","$230,429",29.2%,"$316,756","$1,127,407",28.1%,,16,
303-,ATHEROSCLEROSIS W/O MCC,"$59,411","$229,851",25.8%,"$415,016","$1,004,366",41.3%,15,33,45.5%
536-,FRACTURES OF HIP & PELVIS W/O MCC,"$103,017","$229,434",44.9%,"$454,786","$1,278,793",35.6%,16,38,42.1%
429-,COMBINED ANTERIOR AND POSTERIOR CERVICAL SPINAL FUSION WITH MCC,"$226,851","$226,851",100.0%,"$799,040","$799,040",100.0%,,,
144-,"OTHER EAR, NOSE, MOUTH AND THROAT O.R. PROCEDURES WITH CC","$224,804","$224,804",100.0%,"$1,014,539","$1,014,539",100.0%,16,16,100.0%
408-,BILIARY TRACT PROC EXCEPT ONLY CHOLECYST W OR W/O C.D.E. W MCC,"$123,967","$223,553",55.5%,"$354,092","$454,743",77.9%,,,
419-,LAPAROSCOPIC CHOLECYSTECTOMY W/O C.D.E. W/O CC/MCC,"$126,833","$223,196",56.8%,"$658,970","$1,481,367",44.5%,13,24,54.2%
282-,"ACUTE MYOCARDIAL INFARCTION, DISCHARGED ALIVE W/O CC/MCC","$97,487","$223,128",43.7%,"$517,140","$1,180,299",43.8%,14,33,42.4%
140-,MAJOR HEAD AND NECK PROCEDURES WITH MCC,"$187,228","$222,251",84.2%,"$446,026","$605,577",73.7%,,,
504-,FOOT PROCEDURES W CC,"$116,573","$221,673",52.6%,"$515,392","$1,141,159",45.2%,,14,
195-,SIMPLE PNEUMONIA & PLEURISY W/O CC/MCC,"$84,132","$220,573",38.1%,"$345,684","$819,246",42.2%,12,31,38.7%
390-,G.I. OBSTRUCTION W/O CC/MCC,"$71,057","$219,516",32.4%,"$410,546","$1,103,372",37.2%,18,45,40.0%
744-,"D&C, CONIZATION, LAPAROSCOPY & TUBAL INTERRUPTION W CC/MCC","$89,146","$219,414",40.6%,"$361,090","$652,661",55.3%,,,
562-,"FX, SPRN, STRN & DISL EXCEPT FEMUR, HIP, PELVIS & THIGH W MCC","$83,285","$219,171",38.0%,"$260,835","$947,880",27.5%,,18,
540-,OSTEOMYELITIS W CC,"$85,172","$218,414",39.0%,"$267,162","$774,053",34.5%,,15,
605-,"TRAUMA TO THE SKIN, SUBCUT TISS & BREAST W/O MCC","$62,295","$218,284",28.5%,"$334,442","$1,217,328",27.5%,,29,
740-,"UTERINE,ADNEXA PROC FOR NON-OVARIAN/ADNEXAL MALIG W CC","$111,290","$216,136",51.5%,"$622,602","$1,150,505",54.1%,,16,
272-,OTHER MAJOR CARDIOVASCULAR PROCEDURES W/O CC/MCC,"$197,444","$215,747",91.5%,"$567,228","$664,456",85.4%,,,
902-,WOUND DEBRIDEMENTS FOR INJURIES W CC,"$188,639","$215,256",87.6%,"$554,611","$611,648",90.7%,,,
255-,UPPER LIMB & TOE AMPUTATION FOR CIRC SYSTEM DISORDERS W MCC,"$74,065","$212,582",34.8%,"$223,313","$1,031,751",21.6%,,,
217-,CARDIAC VALVE & OTH MAJ CARDIOTHORACIC PROC W CARD CATH W CC,"$69,348","$210,926",32.9%,"$260,382","$962,441",27.1%,,,
707-,MAJOR MALE PELVIC PROCEDURES W CC/MCC,"$178,113","$208,474",85.4%,"$768,259","$998,256",77.0%,,11,
553-,BONE DISEASES & ARTHROPATHIES W MCC,"$128,799","$200,089",64.4%,"$283,927","$457,620",62.0%,,12,
095-,BACTERIAL & TUBERCULOUS INFECTIONS OF NERVOUS SYSTEM W CC,"$49,902","$198,761",25.1%,"$204,055","$1,009,099",20.2%,,,
669-,TRANSURETHRAL PROCEDURES W CC,"$141,715","$193,086",73.4%,"$611,201","$849,692",71.9%,,14,
668-,TRANSURETHRAL PROCEDURES W MCC,"$94,360","$191,602",49.2%,"$246,347","$699,880",35.2%,,,
922-,"OTHER INJURY, POISONING & TOXIC EFFECT DIAG W MCC","$65,013","$191,265",34.0%,"$95,466","$597,673",16.0%,,,
260-,CARDIAC PACEMAKER REVISION EXCEPT DEVICE REPLACEMENT W MCC,"$158,602","$188,649",84.1%,"$835,809","$1,424,438",58.7%,,,
183-,MAJOR CHEST TRAUMA W MCC,"$92,145","$188,172",49.0%,"$416,165","$919,832",45.2%,,13,
827-,MYELOPROLIF DISORD OR POORLY DIFF NEOPL W MAJ O.R. PROC W CC,"$153,978","$186,841",82.4%,"$535,783","$787,521",68.0%,,,
607-,MINOR SKIN DISORDERS W/O MCC,"$124,840","$183,099",68.2%,"$357,510","$585,970",61.0%,12,20,60.0%
368-,MAJOR ESOPHAGEAL DISORDERS W MCC,"$83,225","$181,900",45.8%,"$332,862","$643,499",51.7%,,11,
502-,SOFT TISSUE PROCEDURES W/O CC/MCC,"$153,348","$180,996",84.7%,"$378,061","$541,186",69.9%,,,
355-,HERNIA PROCEDURES EXCEPT INGUINAL & FEMORAL W/O CC/MCC,"$81,169","$180,422",45.0%,"$371,054","$946,917",39.2%,,17,
742-,UTERINE & ADNEXA PROC FOR NON-MALIGNANCY W CC/MCC,"$117,634","$180,065",65.3%,"$457,504","$735,031",62.2%,,11,
576-,SKIN GRAFT EXC FOR SKIN ULCER OR CELLULITIS W MCC,"$180,012","$180,012",100.0%,"$691,498","$691,498",100.0%,,,
629-,"OTHER ENDOCRINE, NUTRIT & METAB O.R. PROC W CC","$87,497","$179,116",48.8%,"$287,196","$767,299",37.4%,,,
713-,TRANSURETHRAL PROSTATECTOMY W CC/MCC,"$50,225","$176,501",28.5%,"$317,738","$1,168,852",27.2%,,17,
080-,NONTRAUMATIC STUPOR & COMA W MCC,"$22,764","$174,851",13.0%,"$39,238","$273,308",14.4%,,,
458-,SPINAL FUS EXC CERV W SPINAL CURV/MALIG/INFEC OR 9 OR MORE FUS W/O CC/MCC,"$100,654","$173,607",58.0%,"$356,463","$752,218",47.4%,,,
625-,"THYROID, PARATHYROID & THYROGLOSSAL PROCEDURES W MCC","$112,799","$173,576",65.0%,"$337,680","$599,028",56.4%,,,
231-,CORONARY BYPASS W PTCA W MCC,"$65,084","$173,018",37.6%,"$393,647","$983,571",40.0%,,,
546-,CONNECTIVE TISSUE DISORDERS W CC,"$102,812","$172,579",59.6%,"$353,973","$949,410",37.3%,,14,
577-,SKIN GRAFT EXC FOR SKIN ULCER OR CELLULITIS W CC,"$119,873","$172,333",69.6%,"$498,569","$726,351",68.6%,,,
645-,ENDOCRINE DISORDERS W/O CC/MCC,"$44,213","$170,983",25.9%,"$185,030","$607,817",30.4%,,22,
939-,O.R. PROC W DIAGNOSES OF OTHER CONTACT W HEALTH SERVICES W MCC,"$11,753","$170,153",6.9%,"$53,861","$499,571",10.8%,,,
496-,LOCAL EXCISION & REMOVAL INT FIX DEVICES EXC HIP & FEMUR W CC,"$105,831","$169,478",62.4%,"$235,214","$546,605",43.0%,,,
168-,OTHER RESP SYSTEM O.R. PROCEDURES W/O CC/MCC,"$168,535","$168,535",100.0%,"$363,507","$363,507",100.0%,,,
969-,HIV W EXTENSIVE O.R. PROCEDURE W MCC,"$168,512","$168,512",100.0%,"$594,005","$594,005",100.0%,,,
755-,"MALIGNANCY, FEMALE REPRODUCTIVE SYSTEM W CC","$127,770","$166,250",76.9%,"$404,177","$678,947",59.5%,,14,
200-,PNEUMOTHORAX W CC,"$53,199","$166,237",32.0%,"$209,817","$729,173",28.8%,,20,
152-,OTITIS MEDIA & URI W MCC,"$39,189","$163,203",24.0%,"$187,227","$474,871",39.4%,,13,
843-,OTHER MYELOPROLIF DIS OR POORLY DIFF NEOPL DIAG W MCC,"$126,302","$162,324",77.8%,"$252,985","$514,363",49.2%,,,
696-,KIDNEY & URINARY TRACT SIGNS & SYMPTOMS W/O MCC,"$30,538","$160,696",19.0%,"$157,037","$386,130",40.7%,,14,
447-,MULTIPLE LEVEL SPINAL FUSION EXCEPT CERVICAL WITH MCC OR CUSTOM-MADE ANATOMICALLY DESIGNED INTERBODY FUSION DEVICE,$0,"$160,475",0.0%,$0,"$739,293",0.0%,0,,0.0%
620-,O.R. PROCEDURES FOR OBESITY W CC,"$150,298","$160,384",93.7%,"$455,651","$491,672",92.7%,,,
876-,O.R. PROCEDURE W PRINCIPAL DIAGNOSES OF MENTAL ILLNESS,"$129,351","$158,992",81.4%,"$233,600","$350,141",66.7%,,,
143-,"OTHER EAR, NOSE, MOUTH AND THROAT O.R. PROCEDURES WITH MCC","$124,544","$158,511",78.6%,"$439,649","$499,581",88.0%,,,
153-,OTITIS MEDIA & URI W/O MCC,"$62,687","$157,899",39.7%,"$190,230","$645,638",29.5%,,21,
021-,INTRACRANIAL VASCULAR PROCEDURES W PDX HEMORRHAGE W CC,"$73,310","$157,253",46.6%,"$583,296","$1,049,738",55.6%,,,
386-,INFLAMMATORY BOWEL DISEASE W CC,"$92,257","$154,771",59.6%,"$371,238","$631,382",58.8%,,18,
535-,FRACTURES OF HIP & PELVIS W MCC,"$44,945","$153,487",29.3%,"$156,755","$743,370",21.1%,,15,
520-,BACK & NECK PROC EXC SPINAL FUSION W/O CC/MCC,"$89,144","$153,262",58.2%,"$591,646","$983,690",60.1%,12,19,63.2%
593-,SKIN ULCERS W CC,"$99,436","$151,857",65.5%,"$219,679","$418,556",52.5%,,14,
379-,G.I. HEMORRHAGE W/O CC/MCC,"$39,976","$151,532",26.4%,"$124,448","$577,550",21.5%,,21,
606-,MINOR SKIN DISORDERS W MCC,"$96,661","$150,649",64.2%,"$188,996","$506,123",37.3%,,,
686-,KIDNEY & URINARY TRACT NEOPLASMS W MCC,"$97,259","$149,953",64.9%,"$257,875","$473,650",54.4%,,,
658-,KIDNEY & URETER PROCEDURES FOR NEOPLASM W/O CC/MCC,"$88,133","$149,792",58.8%,"$351,421","$912,213",38.5%,,11,
619-,O.R. PROCEDURES FOR OBESITY W MCC,"$97,413","$149,002",65.4%,"$235,764","$417,966",56.4%,,,
916-,ALLERGIC REACTIONS W/O MCC,"$26,016","$147,826",17.6%,"$94,076","$206,856",45.5%,,12,
974-,HIV W MAJOR RELATED CONDITION W MCC,"$91,059","$146,598",62.1%,"$92,752","$221,137",41.9%,,,
749-,OTHER FEMALE REPRODUCTIVE SYSTEM O.R. PROCEDURES W CC/MCC,"$145,655","$145,655",100.0%,"$483,375","$483,375",100.0%,,,
844-,OTHER MYELOPROLIF DIS OR POORLY DIFF NEOPL DIAG W CC,"$86,226","$145,030",59.5%,"$225,796","$543,970",41.5%,,11,
311-,ANGINA PECTORIS,"$20,516","$144,930",14.2%,"$84,455","$418,596",20.2%,,15,
221-,CARDIAC VALVE & OTH MAJ CARDIOTHORACIC PROC W/O CARD CATH W/O CC/MCC,$0,"$143,831",0.0%,$0,"$832,669",0.0%,0,,0.0%
977-,HIV W OR W/O OTHER RELATED CONDITION,"$20,808","$142,581",14.6%,"$63,691","$556,426",11.4%,,,
307-,CARDIAC CONGENITAL & VALVULAR DISORDERS W/O MCC,"$107,421","$142,328",75.5%,"$258,461","$475,486",54.4%,,16,
328-,"STOMACH, ESOPHAGEAL & DUODENAL PROC W/O CC/MCC","$95,016","$141,353",67.2%,"$705,939","$1,125,165",62.7%,11,17,64.7%
958-,OTHER O.R. PROCEDURES FOR MULTIPLE SIGNIFICANT TRAUMA W CC,$0,"$141,059",0.0%,"$248,930","$716,698",34.7%,,,
864-,FEVER,"$45,684","$140,835",32.4%,"$200,503","$716,492",28.0%,,20,
596-,MAJOR SKIN DISORDERS W/O MCC,"$85,810","$139,711",61.4%,"$377,853","$699,350",54.0%,,,
353-,HERNIA PROCEDURES EXCEPT INGUINAL & FEMORAL W MCC,"$109,768","$139,214",78.8%,"$456,373","$863,417",52.9%,,,
036-,CAROTID ARTERY STENT PROCEDURE W/O CC/MCC,"$90,093","$138,957",64.8%,"$242,332","$551,664",43.9%,,,
443-,"DISORDERS OF LIVER EXCEPT MALIG,CIRR,ALC HEPA W/O CC/MCC","$107,209","$138,598",77.4%,"$161,740","$301,074",53.7%,,,
042-,PERIPH/CRANIAL NERVE & OTHER NERV SYST PROC W/O CC/MCC,"$51,692","$136,916",37.8%,"$388,955","$541,840",71.8%,,,
814-,RETICULOENDOTHELIAL & IMMUNITY DISORDERS W MCC,"$136,900","$136,900",100.0%,"$214,208","$239,184",89.6%,,,
642-,INBORN AND OTHER DISORDERS OF METABOLISM,"$48,122","$136,247",35.3%,"$265,858","$309,532",85.9%,,,
158-,DENTAL & ORAL DISEASES W CC,"$47,125","$134,812",35.0%,"$74,458","$208,626",35.7%,,12,
604-,"TRAUMA TO THE SKIN, SUBCUT TISS & BREAST W MCC","$53,664","$130,973",41.0%,"$117,649","$403,150",29.2%,,,
398-,APPENDIX PROCEDURES WITH CC,"$98,373","$129,197",76.1%,"$615,150","$835,225",73.7%,,11,
154-,"OTHER EAR, NOSE, MOUTH & THROAT DIAGNOSES W MCC","$76,497","$128,359",59.6%,"$183,596","$427,940",42.9%,,,
826-,MYELOPROLIF DISORD OR POORLY DIFF NEOPL W MAJ O.R. PROC W MCC,"$128,062","$128,062",100.0%,"$499,252","$499,252",100.0%,,,
397-,APPENDIX PROCEDURES WITH MCC,"$80,225","$126,524",63.4%,"$368,602","$567,331",65.0%,,,
895-,ALCOHOL/DRUG ABUSE OR DEPENDENCE W REHABILITATION THERAPY,$0,"$126,294",0.0%,$0,"$366,034",0.0%,0,12,0.0%
881-,DEPRESSIVE NEUROSES,"$6,837","$126,221",5.4%,"$25,787","$463,631",5.6%,,22,
582-,MASTECTOMY FOR MALIGNANCY W CC/MCC,"$121,905","$121,905",100.0%,"$256,620","$336,172",76.3%,,,
595-,MAJOR SKIN DISORDERS W MCC,"$95,824","$121,184",79.1%,"$163,930","$195,511",83.8%,,,
115-,EXTRAOCULAR PROCEDURES EXCEPT ORBIT,"$120,118","$120,118",100.0%,"$223,648","$223,648",100.0%,,,
955-,CRANIOTOMY FOR MULTIPLE SIGNIFICANT TRAUMA,$0,"$118,951",0.0%,$0,"$964,801",0.0%,0,,0.0%
261-,CARDIAC PACEMAKER REVISION EXCEPT DEVICE REPLACEMENT W CC,"$54,673","$115,159",47.5%,"$231,352","$479,770",48.2%,,,
626-,"THYROID, PARATHYROID & THYROGLOSSAL PROCEDURES W CC","$88,001","$114,005",77.2%,"$472,026","$627,275",75.3%,,12,
381-,COMPLICATED PEPTIC ULCER W CC,"$52,101","$113,436",45.9%,"$215,243","$684,271",31.5%,,15,
006-,LIVER TRANSPLANT W/O MCC,"$113,160","$113,160",100.0%,"$535,514","$535,514",100.0%,,,
865-,VIRAL ILLNESS W MCC,"$53,810","$111,957",48.1%,"$193,175","$416,932",46.3%,,,
737-,UTERINE & ADNEXA PROC FOR OVARIAN OR ADNEXAL MALIGNANCY W CC,"$93,833","$111,267",84.3%,"$236,555","$610,451",38.8%,,,
155-,"OTHER EAR, NOSE, MOUTH & THROAT DIAGNOSES W CC","$73,078","$111,136",65.8%,"$266,120","$456,160",58.3%,,16,
597-,MALIGNANT BREAST DISORDERS W MCC,"$24,361","$111,008",21.9%,"$47,131","$221,027",21.3%,,,
187-,PLEURAL EFFUSION W CC,"$57,975","$110,987",52.2%,"$189,739","$282,985",67.0%,,,
087-,"TRAUMATIC STUPOR & COMA, COMA <1 HR W/O CC/MCC","$33,441","$110,849",30.2%,"$114,739","$275,658",41.6%,,11,
351-,INGUINAL & FEMORAL HERNIA PROCEDURES W CC,"$79,504","$110,524",71.9%,"$249,797","$498,723",50.1%,,,
301-,PERIPHERAL VASCULAR DISORDERS W/O CC/MCC,"$24,431","$110,128",22.2%,"$131,931","$314,220",42.0%,,15,
722-,"MALIGNANCY, MALE REPRODUCTIVE SYSTEM W MCC","$90,032","$108,494",83.0%,"$196,395","$249,706",78.7%,,,
839-,CHEMO W ACUTE LEUKEMIA AS SDX W/O CC/MCC,"$86,018","$106,200",81.0%,"$111,503","$201,362",55.4%,,,
113-,ORBITAL PROCEDURES W CC/MCC,"$85,949","$104,805",82.0%,"$195,399","$218,798",89.3%,,,
487-,KNEE PROCEDURES W PDX OF INFECTION W/O CC/MCC,"$93,937","$104,681",89.7%,"$263,566","$392,650",67.1%,,,
348-,ANAL & STOMAL PROCEDURES W CC,"$44,897","$104,527",43.0%,"$79,228","$455,736",17.4%,,,
663-,MINOR BLADDER PROCEDURES W CC,"$58,249","$102,421",56.9%,"$275,767","$473,158",58.3%,,,
746-,"VAGINA, CERVIX & VULVA PROCEDURES W CC/MCC","$69,659","$102,216",68.1%,"$232,011","$288,275",80.5%,,,
687-,KIDNEY & URINARY TRACT NEOPLASMS W CC,"$58,401","$101,677",57.4%,"$198,935","$521,224",38.2%,,12,
868-,OTHER INFECTIOUS & PARASITIC DISEASES DIAGNOSES W CC,"$44,483","$99,254",44.8%,"$215,507","$371,431",58.0%,,,
866-,VIRAL ILLNESS W/O MCC,"$61,396","$98,913",62.1%,"$145,743","$281,067",51.9%,,11,
302-,ATHEROSCLEROSIS W MCC,"$12,762","$97,979",13.0%,"$22,471","$328,190",6.8%,,,
250-,PERC CARDIOVASC PROC W/O CORONARY ARTERY STENT W MCC,"$70,099","$97,482",71.9%,"$559,910","$665,812",84.1%,,,
450-,SINGLE LEVEL SPINAL FUSION EXCEPT CERVICAL WITH MCC OR CUSTOM-MADE ANATOMICALLY DESIGNED INTERBODY FUSION DEVICE,"$60,070","$97,163",61.8%,"$143,514","$337,863",42.5%,,,
102-,HEADACHES W MCC,"$44,244","$96,383",45.9%,"$169,284","$368,771",45.9%,,,
204-,RESPIRATORY SIGNS & SYMPTOMS,"$47,280","$95,241",49.6%,"$326,139","$611,449",53.3%,,18,
420-,HEPATOBILIARY DIAGNOSTIC PROCEDURES W MCC,"$94,818","$94,818",100.0%,"$302,760","$302,760",100.0%,,,
914-,TRAUMATIC INJURY W/O MCC,"$13,784","$94,439",14.6%,"$72,646","$238,760",30.4%,,,
116-,INTRAOCULAR PROCEDURES W CC/MCC,"$93,841","$93,841",100.0%,"$312,277","$312,277",100.0%,,,
068-,NONSPECIFIC CVA & PRECEREBRAL OCCLUSION W/O INFARCT W/O MCC,"$51,362","$92,985",55.2%,"$190,784","$536,365",35.6%,,16,
574-,SKIN GRAFT FOR SKIN ULCER OR CELLULITIS W CC,"$59,597","$92,562",64.4%,"$148,907","$231,412",64.3%,,,
815-,RETICULOENDOTHELIAL & IMMUNITY DISORDERS W CC,"$20,876","$91,908",22.7%,"$107,815","$677,323",15.9%,,,
345-,MINOR SMALL & LARGE BOWEL PROCEDURES W CC,"$58,308","$91,518",63.7%,"$334,061","$463,704",72.0%,,,
915-,ALLERGIC REACTIONS W MCC,"$62,862","$91,405",68.8%,"$91,687","$291,371",31.5%,,,
935-,NON-EXTENSIVE BURNS,"$14,710","$89,397",16.5%,"$32,243","$103,718",31.1%,,,
395-,OTHER DIGESTIVE SYSTEM DIAGNOSES W/O CC/MCC,"$45,036","$88,954",50.6%,"$204,607","$459,779",44.5%,,18,
179-,RESPIRATORY INFECTIONS & INFLAMMATIONS W/O CC/MCC,"$29,586","$88,352",33.5%,"$138,252","$558,825",24.7%,,18,
060-,MULTIPLE SCLEROSIS & CEREBELLAR ATAXIA W/O CC/MCC,"$51,004","$88,142",57.9%,"$117,130","$258,355",45.3%,,,
192-,CHRONIC OBSTRUCTIVE PULMONARY DISEASE W/O CC/MCC,"$36,755","$86,379",42.6%,"$132,960","$331,457",40.1%,,17,
440-,DISORDERS OF PANCREAS EXCEPT MALIGNANCY W/O CC/MCC,"$44,541","$83,948",53.1%,"$253,328","$551,034",46.0%,13,24,54.2%
373-,MAJOR GASTROINTESTINAL DISORDERS & PERITONEAL INFECTIONS W/O CC/MCC,"$29,769","$82,902",35.9%,"$151,890","$380,072",40.0%,,12,
197-,INTERSTITIAL LUNG DISEASE W CC,"$49,279","$82,426",59.8%,"$183,436","$262,889",69.8%,,,
350-,INGUINAL & FEMORAL HERNIA PROCEDURES W MCC,"$46,843","$82,351",56.9%,"$140,697","$454,776",30.9%,,,
544-,PATHOLOGICAL FRACTURES & MUSCULOSKELET & CONN TISS MALIG W/O CC/MCC,"$13,518","$81,671",16.6%,"$49,568","$193,681",25.6%,,,
409-,BILIARY TRACT PROC EXCEPT ONLY CHOLECYST W OR W/O C.D.E. W CC,"$51,649","$81,500",63.4%,"$164,139","$475,235",34.5%,,,
694-,URINARY STONES W/O ESW LITHOTRIPSY W/O MCC,"$42,149","$81,249",51.9%,"$198,252","$452,378",43.8%,,16,
461-,BILATERAL OR MULTIPLE MAJOR JOINT PROCS OF LOWER EXTREMITY W MCC,"$81,112","$81,112",100.0%,"$188,539","$188,539",100.0%,,,
032-,VENTRICULAR SHUNT PROCEDURES W CC,$0,"$80,428",0.0%,$0,"$429,160",0.0%,0,,0.0%
964-,OTHER MULTIPLE SIGNIFICANT TRAUMA W CC,"$18,871","$80,156",23.5%,"$36,960","$393,790",9.4%,,,
662-,MINOR BLADDER PROCEDURES W MCC,$0,"$79,454",0.0%,$0,"$421,802",0.0%,0,,0.0%
412-,CHOLECYSTECTOMY W C.D.E. W CC,"$79,126","$79,126",100.0%,"$79,126","$79,126",100.0%,,,
446-,DISORDERS OF THE BILIARY TRACT W/O CC/MCC,"$35,010","$78,311",44.7%,"$228,613","$543,108",42.1%,,14,
666-,PROSTATECTOMY W CC,"$20,233","$78,262",25.9%,"$43,341","$285,397",15.2%,,,
347-,ANAL & STOMAL PROCEDURES W MCC,"$18,563","$77,942",23.8%,"$57,406","$231,992",24.7%,,,
383-,UNCOMPLICATED PEPTIC ULCER W MCC,"$16,460","$77,618",21.2%,"$41,324","$316,394",13.1%,,,
254-,OTHER VASCULAR PROCEDURES W/O CC/MCC,"$77,600","$77,600",100.0%,"$475,657","$475,657",100.0%,,,
983-,EXTENSIVE O.R. PROCEDURE UNRELATED TO PRINCIPAL DIAGNOSIS W/O CC/MCC,"$48,299","$77,547",62.3%,"$126,919","$295,711",42.9%,,,
428-,MULTIPLE LEVEL COMBINED ANTERIOR AND POSTERIOR SPINAL FUSION EXCEPT CERVICAL WITHOUT CC/MCC,$0,"$76,686",0.0%,$0,"$994,137",0.0%,0,,0.0%
030-,SPINAL PROCEDURES W/O CC/MCC,"$55,812","$76,620",72.8%,"$151,062","$201,728",74.9%,,,
147-,"EAR, NOSE, MOUTH & THROAT MALIGNANCY W CC","$29,830","$76,601",38.9%,"$70,726","$192,796",36.7%,,,
725-,BENIGN PROSTATIC HYPERTROPHY W MCC,"$14,703","$75,712",19.4%,"$49,166","$95,397",51.5%,,,
317-,CONCOMITANT LEFT ATRIAL APPENDAGE CLOSURE AND CARDIAC ABLATION,"$75,641","$75,641",100.0%,"$316,685","$316,685",100.0%,,,
594-,SKIN ULCERS W/O CC/MCC,"$10,676","$75,197",14.2%,"$8,871","$36,280",24.5%,,,
684-,RENAL FAILURE W/O CC/MCC,"$36,184","$75,084",48.2%,"$137,576","$328,588",41.9%,,12,
256-,UPPER LIMB & TOE AMPUTATION FOR CIRC SYSTEM DISORDERS W CC,"$56,860","$74,844",76.0%,"$153,993","$270,050",57.0%,,,
803-,OTHER O.R. PROC OF THE BLOOD & BLOOD FORMING ORGANS W CC,"$22,447","$74,641",30.1%,"$109,569","$300,870",36.4%,,,
951-,OTHER FACTORS INFLUENCING HEALTH STATUS,"$8,538","$74,387",11.5%,"$27,160","$360,031",7.5%,,16,
548-,SEPTIC ARTHRITIS W MCC,"$22,554","$74,339",30.3%,"$38,815","$276,217",14.1%,,,
585-,"BREAST BIOPSY, LOCAL EXCISION & OTHER BREAST PROCEDURES W/O CC/MCC","$41,666","$73,546",56.7%,"$275,290","$622,370",44.2%,,,
495-,LOCAL EXCISION & REMOVAL INT FIX DEVICES EXC HIP & FEMUR W MCC,"$73,120","$73,120",100.0%,"$301,280","$301,280",100.0%,,,
142-,MAJOR HEAD AND NECK PROCEDURES WITHOUT CC/MCC,"$71,690","$71,690",100.0%,"$332,391","$332,391",100.0%,,,
325-,CORONARY INTRAVASCULAR LITHOTRIPSY WITHOUT INTRALUMINAL DEVICE,"$19,291","$71,346",27.0%,"$111,965","$564,257",19.8%,,,
123-,NEUROLOGICAL EYE DISORDERS,"$55,200","$70,853",77.9%,"$266,630","$402,152",66.3%,,14,
578-,SKIN GRAFT EXC FOR SKIN ULCER OR CELLULITIS W/O CC/MCC,"$49,571","$69,445",71.4%,"$558,958","$651,044",85.9%,11,12,91.7%
598-,MALIGNANT BREAST DISORDERS W CC,"$55,132","$68,986",79.9%,"$128,499","$173,145",74.2%,,,
976-,HIV W MAJOR RELATED CONDITION W/O CC/MCC,$0,"$68,870",0.0%,$0,"$105,304",0.0%,0,,0.0%
072-,NONSPECIFIC CEREBROVASCULAR DISORDERS W/O CC/MCC,"$49,780","$67,827",73.4%,"$228,877","$336,461",68.0%,,,
511-,"SHOULDER,ELBOW OR FOREARM PROC,EXC MAJOR JOINT PROC W CC","$52,976","$66,877",79.2%,"$207,338","$375,862",55.2%,,,
369-,MAJOR ESOPHAGEAL DISORDERS W CC,"$21,414","$66,458",32.2%,"$87,780","$345,824",25.4%,,,
084-,"TRAUMATIC STUPOR & COMA, COMA >1 HR W/O CC/MCC","$26,389","$66,444",39.7%,"$83,628","$376,348",22.2%,,,
039-,EXTRACRANIAL PROCEDURES W/O CC/MCC,"$32,256","$65,187",49.5%,"$150,974","$517,108",29.2%,,,
783-,CESAREAN SECTION W STERILIZATION W MCC,$0,"$64,667",0.0%,$0,"$64,791",0.0%,0,,0.0%
503-,FOOT PROCEDURES W MCC,"$20,633","$64,542",32.0%,"$55,933","$191,922",29.1%,,,
430-,COMBINED ANTERIOR AND POSTERIOR CERVICAL SPINAL FUSION WITHOUT MCC,"$64,535","$64,535",100.0%,"$242,843","$242,843",100.0%,,,
185-,MAJOR CHEST TRAUMA W/O CC/MCC,$0,"$64,412",0.0%,$0,"$130,147",0.0%,0,,0.0%
258-,CARDIAC PACEMAKER DEVICE REPLACEMENT W MCC,$0,"$64,325",0.0%,$0,"$289,104",0.0%,0,,0.0%
921-,COMPLICATIONS OF TREATMENT W/O CC/MCC,"$55,843","$62,172",89.8%,"$184,907","$198,762",93.0%,,,
251-,PERC CARDIOVASC PROC W/O CORONARY ARTERY STENT W/O MCC,"$46,314","$61,943",74.8%,"$312,631","$407,552",76.7%,,,
137-,MOUTH PROCEDURES W CC/MCC,"$16,361","$60,941",26.8%,"$39,891","$345,001",11.6%,,,
053-,SPINAL DISORDERS & INJURIES W/O CC/MCC,$0,"$60,554",0.0%,$0,"$19,280",0.0%,0,,0.0%
513-,"HAND OR WRIST PROC, EXCEPT MAJOR THUMB OR JOINT PROC W CC/MCC","$60,292","$60,292",100.0%,"$215,962","$215,962",100.0%,,,
655-,MAJOR BLADDER PROCEDURES W/O CC/MCC,"$58,743","$58,743",100.0%,"$58,845","$58,845",100.0%,,,
293-,HEART FAILURE & SHOCK W/O CC/MCC,"$3,185","$58,494",5.4%,"$18,258","$108,816",16.8%,,,
135-,SINUS & MASTOID PROCEDURES W CC/MCC,"$30,946","$58,205",53.2%,"$128,355","$185,873",69.1%,,,
125-,OTHER DISORDERS OF THE EYE W/O MCC,"$27,324","$57,770",47.3%,"$113,555","$313,941",36.2%,,,
627-,"THYROID, PARATHYROID & THYROGLOSSAL PROCEDURES W/O CC/MCC","$57,387","$57,387",100.0%,"$505,150","$505,150",100.0%,12,12,100.0%
728-,INFLAMMATION OF THE MALE REPRODUCTIVE SYSTEM W/O MCC,"$10,143","$57,008",17.8%,"$52,541","$378,523",13.9%,,,
344-,MINOR SMALL & LARGE BOWEL PROCEDURES W MCC,"$34,301","$56,106",61.1%,"$75,530","$248,406",30.4%,,,
584-,"BREAST BIOPSY, LOCAL EXCISION & OTHER BREAST PROCEDURES W CC/MCC","$36,662","$54,475",67.3%,"$140,276","$206,100",68.1%,,,
547-,CONNECTIVE TISSUE DISORDERS W/O CC/MCC,"$27,712","$54,451",50.9%,"$58,273","$220,014",26.5%,,,
465-,"WND DEBRID & SKN GRFT EXC HAND, FOR MUSCULO-CONN TISS DIS W/O CC/MCC","$41,999","$54,437",77.2%,"$239,786","$279,171",85.9%,,,
717-,OTHER MALE REPRODUCTIVE SYSTEM O.R. PROC EXC MALIGNANCY W CC/MCC,$0,"$53,644",0.0%,$0,"$243,894",0.0%,0,,0.0%
399-,APPENDIX PROCEDURES WITHOUT CC/MCC,"$28,600","$53,241",53.7%,"$145,158","$302,964",47.9%,,,
736-,UTERINE & ADNEXA PROC FOR OVARIAN OR ADNEXAL MALIGNANCY W MCC,"$52,787","$52,787",100.0%,"$142,288","$142,288",100.0%,,,
806-,VAGINAL DELIVERY W/O STERILIZATION/D&C W CC,"$26,399","$51,954",50.8%,"$53,464","$107,368",49.8%,,,
121-,ACUTE MAJOR EYE INFECTIONS W CC/MCC,"$20,908","$51,233",40.8%,"$52,691","$83,016",63.5%,,,
124-,OTHER DISORDERS OF THE EYE W MCC,"$33,446","$51,097",65.5%,"$101,351","$211,012",48.0%,,,
498-,LOCAL EXCISION & REMOVAL INT FIX DEVICES OF HIP & FEMUR W CC/MCC,$0,"$50,155",0.0%,"$34,508","$289,830",11.9%,,,
934-,FULL THICKNESS BURN W/O SKIN GRFT OR INHAL INJ,$0,"$49,321",0.0%,$0,"$62,125",0.0%,0,,0.0%
497-,LOCAL EXCISION & REMOVAL INT FIX DEVICES EXC HIP & FEMUR W/O CC/MCC,"$30,832","$49,224",62.6%,"$71,185","$231,770",30.7%,,,
089-,CONCUSSION W CC,"$13,718","$49,222",27.9%,"$28,118","$271,051",10.4%,,,
831-,OTHER ANTEPARTUM DIAGNOSES W/O O.R. PROCEDURE W MCC,"$49,098","$49,098",100.0%,"$158,580","$158,580",100.0%,,,
665-,PROSTATECTOMY W MCC,"$24,212","$48,596",49.8%,"$28,192","$236,745",11.9%,,,
479-,BIOPSIES OF MUSCULOSKELETAL SYSTEM & CONNECTIVE TISSUE W/O CC/MCC,"$21,606","$46,879",46.1%,"$66,951","$202,346",33.1%,,,
693-,URINARY STONES W/O ESW LITHOTRIPSY W MCC,"$33,428","$46,478",71.9%,"$49,526","$168,748",29.3%,,,
421-,HEPATOBILIARY DIAGNOSTIC PROCEDURES W CC,"$45,864","$45,864",100.0%,"$133,152","$133,152",100.0%,,,
757-,"INFECTIONS, FEMALE REPRODUCTIVE SYSTEM W MCC",$0,"$45,701",0.0%,$0,"$111,052",0.0%,0,,0.0%
758-,"INFECTIONS, FEMALE REPRODUCTIVE SYSTEM W CC","$26,481","$45,565",58.1%,"$60,813","$126,894",47.9%,,,
975-,HIV W MAJOR RELATED CONDITION W CC,"$35,026","$44,938",77.9%,"$71,879","$97,283",73.9%,,,
063-,ACUTE ISCHEMIC STROKE W USE OF THROMBOLYTIC AGENT W/O CC/MCC,"$35,030","$44,361",79.0%,"$126,187","$203,670",62.0%,,,
077-,HYPERTENSIVE ENCEPHALOPATHY W MCC,"$31,976","$43,289",73.9%,"$117,058","$181,467",64.5%,,,
022-,INTRACRANIAL VASCULAR PROCEDURES W PDX HEMORRHAGE W/O CC/MCC,"$43,066","$43,066",100.0%,"$164,413","$164,413",100.0%,,,
218-,CARDIAC VALVE & OTH MAJ CARDIOTHORACIC PROC W CARD CATH W/O CC/MCC,"$42,545","$42,545",100.0%,"$164,487","$164,487",100.0%,,,
940-,O.R. PROC W DIAGNOSES OF OTHER CONTACT W HEALTH SERVICES W CC,"$28,794","$42,433",67.9%,"$137,920","$216,672",63.7%,,,
145-,"OTHER EAR, NOSE, MOUTH AND THROAT O.R. PROCEDURES WITHOUT CC/MCC","$42,236","$42,236",100.0%,"$257,384","$257,384",100.0%,,,
913-,TRAUMATIC INJURY W MCC,"$19,375","$42,162",46.0%,"$31,853","$139,979",22.8%,,,
566-,OTHER MUSCULOSKELETAL SYS & CONNECTIVE TISSUE DIAGNOSES W/O CC/MCC,"$4,763","$42,118",11.3%,"$28,874","$87,340",33.1%,,,
923-,"OTHER INJURY, POISONING & TOXIC EFFECT DIAG W/O MCC","$16,976","$41,912",40.5%,"$76,195","$175,119",43.5%,,,
909-,OTHER O.R. PROCEDURES FOR INJURIES W/O CC/MCC,"$31,783","$41,801",76.0%,"$185,732","$288,978",64.3%,,,
726-,BENIGN PROSTATIC HYPERTROPHY W/O MCC,"$9,059","$41,501",21.8%,"$62,590","$334,604",18.7%,,11,
067-,NONSPECIFIC CVA & PRECEREBRAL OCCLUSION W/O INFARCT W MCC,"$9,856","$41,472",23.8%,"$42,161","$179,351",23.5%,,,
296-,"CARDIAC ARREST, UNEXPLAINED W MCC","$10,950","$41,308",26.5%,"$49,259","$330,355",14.9%,,,
810-,MAJOR HEMATOL/IMMUN DIAG EXC SICKLE CELL CRISIS & COAGUL W/O CC/MCC,$0,"$41,060",0.0%,$0,"$155,922",0.0%,0,,0.0%
407-,"PANCREAS, LIVER & SHUNT PROCEDURES W/O CC/MCC","$24,774","$40,928",60.5%,"$89,474","$217,945",41.1%,,,
883-,DISORDERS OF PERSONALITY & IMPULSE CONTROL,"$27,738","$40,622",68.3%,"$27,775","$59,093",47.0%,,,
573-,SKIN GRAFT FOR SKIN ULCER OR CELLULITIS W MCC,$0,"$40,429",0.0%,$0,"$97,124",0.0%,0,,0.0%
581-,"OTHER SKIN, SUBCUT TISS & BREAST PROC W/O CC/MCC","$28,523","$39,500",72.2%,"$182,424","$251,573",72.5%,,,
695-,KIDNEY & URINARY TRACT SIGNS & SYMPTOMS W MCC,"$29,130","$39,202",74.3%,"$151,325","$201,117",75.2%,,,
697-,URETHRAL STRICTURE,"$7,508","$38,828",19.3%,"$44,153","$193,890",22.8%,,,
639-,DIABETES W/O CC/MCC,"$11,467","$38,574",29.7%,"$128,427","$208,141",61.7%,,,
743-,UTERINE & ADNEXA PROC FOR NON-MALIGNANCY W/O CC/MCC,$0,"$38,378",0.0%,"$581,215","$816,449",71.2%,11,15,73.3%
989-,NON-EXTENSIVE O.R. PROC UNRELATED TO PRINCIPAL DIAGNOSIS W/O CC/MCC,"$12,753","$38,047",33.5%,"$70,803","$282,306",25.1%,,,
760-,MENSTRUAL & OTHER FEMALE REPRODUCTIVE SYSTEM DISORDERS W CC/MCC,"$30,065","$37,997",79.1%,"$33,875","$93,297",36.3%,,,
709-,PENIS PROCEDURES W CC/MCC,$0,"$36,999",0.0%,$0,"$168,995",0.0%,0,,0.0%
263-,VEIN LIGATION & STRIPPING,"$36,373","$36,373",100.0%,"$115,753","$115,753",100.0%,,,
013-,"TRACHEOSTOMY FOR FACE,MOUTH & NECK DIAGNOSES W/O CC/MCC","$36,106","$36,106",100.0%,"$168,112","$168,112",100.0%,,,
510-,"SHOULDER,ELBOW OR FOREARM PROC,EXC MAJOR JOINT PROC W MCC",$0,"$35,036",0.0%,$0,"$122,608",0.0%,0,,0.0%
289-,ACUTE & SUBACUTE ENDOCARDITIS W CC,"$18,412","$34,823",52.9%,"$59,204","$153,673",38.5%,,,
583-,MASTECTOMY FOR MALIGNANCY W/O CC/MCC,"$34,786","$34,786",100.0%,"$132,516","$132,516",100.0%,,,
533-,FRACTURES OF FEMUR W MCC,$0,"$33,887",0.0%,$0,"$87,884",0.0%,0,,0.0%
462-,BILATERAL OR MULTIPLE MAJOR JOINT PROCS OF LOWER EXTREMITY W/O MCC,"$33,729","$33,729",100.0%,"$125,147","$125,147",100.0%,,,
337-,PERITONEAL ADHESIOLYSIS W/O CC/MCC,$0,"$33,365",0.0%,$0,"$177,123",0.0%,0,,0.0%
842-,LYMPHOMA & NON-ACUTE LEUKEMIA W/O CC/MCC,"$26,969","$32,774",82.3%,"$127,883","$153,783",83.2%,,,
537-,"SPRAINS, STRAINS, & DISLOCATIONS OF HIP, PELVIS & THIGH W CC/MCC","$6,183","$32,722",18.9%,"$20,858","$189,154",11.0%,,,
358-,OTHER DIGESTIVE SYSTEM O.R. PROCEDURES W/O CC/MCC,"$16,297","$32,404",50.3%,"$77,123","$260,585",29.6%,,,
615-,ADRENAL & PITUITARY PROCEDURES W/O CC/MCC,"$15,990","$32,024",49.9%,"$40,072","$87,897",45.6%,,,
156-,"OTHER EAR, NOSE, MOUTH & THROAT DIAGNOSES W/O CC/MCC","$21,371","$31,737",67.3%,"$80,751","$205,102",39.4%,,,
114-,ORBITAL PROCEDURES W/O CC/MCC,"$31,026","$31,026",100.0%,"$31,847","$31,847",100.0%,,,
352-,INGUINAL & FEMORAL HERNIA PROCEDURES W/O CC/MCC,"$15,332","$30,871",49.7%,"$108,805","$288,147",37.8%,,,
376-,DIGESTIVE MALIGNANCY W/O CC/MCC,"$15,904","$30,651",51.9%,"$115,396","$200,900",57.4%,,,
832-,OTHER ANTEPARTUM DIAGNOSES W/O O.R. PROCEDURE W CC,"$12,467","$29,815",41.8%,"$30,758","$44,014",69.9%,,,
090-,CONCUSSION W/O CC/MCC,"$6,145","$29,811",20.6%,"$27,768","$142,252",19.5%,,,
507-,MAJOR SHOULDER OR ELBOW JOINT PROCEDURES W CC/MCC,"$14,148","$29,350",48.2%,"$68,256","$88,785",76.9%,,,
387-,INFLAMMATORY BOWEL DISEASE W/O CC/MCC,"$10,188","$29,267",34.8%,"$75,541","$157,371",48.0%,,,
708-,MAJOR MALE PELVIC PROCEDURES W/O CC/MCC,"$17,764","$28,375",62.6%,"$579,335","$729,567",79.4%,,,
203-,BRONCHITIS & ASTHMA W/O CC/MCC,"$20,640","$28,252",73.1%,"$89,864","$158,275",56.8%,,,
906-,HAND PROCEDURES FOR INJURIES,$0,"$28,006",0.0%,$0,"$170,534",0.0%,0,,0.0%
787-,CESAREAN SECTION W/O STERILIZATION W CC,"$14,864","$27,909",53.3%,"$28,196","$76,295",37.0%,,,
476-,AMPUTATION FOR MUSCULOSKELETAL SYS & CONN TISSUE DIS W/O CC/MCC,"$27,395","$27,395",100.0%,"$100,552","$100,552",100.0%,,,
334-,RECTAL RESECTION W/O CC/MCC,$0,"$27,005",0.0%,$0,"$160,694",0.0%,0,,0.0%
512-,"SHOULDER,ELBOW OR FOREARM PROC,EXC MAJOR JOINT PROC W/O CC/MCC","$11,453","$26,594",43.1%,"$92,060","$220,530",41.7%,,,
320-,OTHER ENDOVASCULAR CARDIAC VALVE PROCEDURES W/O MCC,"$26,443","$26,443",100.0%,"$117,873","$117,873",100.0%,,,
414-,CHOLECYSTECTOMY EXCEPT BY LAPAROSCOPE W/O C.D.E. W MCC,"$26,235","$26,235",100.0%,"$207,932","$207,932",100.0%,,,
159-,DENTAL & ORAL DISEASES W/O CC/MCC,"$15,675","$26,012",60.3%,"$46,765","$137,890",33.9%,,,
723-,"MALIGNANCY, MALE REPRODUCTIVE SYSTEM W CC","$16,202","$25,935",62.5%,"$31,281","$57,717",54.2%,,,
410-,BILIARY TRACT PROC EXCEPT ONLY CHOLECYST W OR W/O C.D.E. W/O CC/MCC,"$10,990","$25,771",42.6%,"$48,768","$315,803",15.4%,,,
715-,OTHER MALE REPRODUCTIVE SYSTEM O.R. PROC FOR MALIGNANCY W CC/MCC,"$25,398","$25,398",100.0%,"$88,562","$88,562",100.0%,,,
807-,VAGINAL DELIVERY W/O STERILIZATION/D&C W/O CC/MCC,"$6,968","$24,979",27.9%,"$8,999","$76,709",11.7%,,,
099-,NON-BACTERIAL INFECT OF NERVOUS SYS EXC VIRAL MENINGITIS W/O CC/MCC,"$23,985","$23,985",100.0%,"$38,693","$38,693",100.0%,,,
316-,OTHER CIRCULATORY SYSTEM DIAGNOSES W/O CC/MCC,"$18,064","$23,847",75.7%,"$67,397","$130,392",51.7%,,,
700-,OTHER KIDNEY & URINARY TRACT DIAGNOSES W/O CC/MCC,"$13,756","$23,811",57.8%,"$116,362","$168,811",68.9%,,,
534-,FRACTURES OF FEMUR W/O MCC,"$5,426","$23,486",23.1%,"$23,679","$156,809",15.1%,,,
415-,CHOLECYSTECTOMY EXCEPT BY LAPAROSCOPE W/O C.D.E. W CC,"$23,477","$23,477",100.0%,"$93,707","$93,707",100.0%,,,
886-,BEHAVIORAL & DEVELOPMENTAL DISORDERS,"$22,926","$22,926",100.0%,"$36,979","$36,979",100.0%,,,
905-,SKIN GRAFTS FOR INJURIES W/O CC/MCC,"$22,190","$22,190",100.0%,"$106,559","$106,559",100.0%,,,
786-,CESAREAN SECTION W/O STERILIZATION W MCC,"$22,128","$22,128",100.0%,"$56,834","$56,834",100.0%,,,
416-,CHOLECYSTECTOMY EXCEPT BY LAPAROSCOPE W/O C.D.E. W/O CC/MCC,"$21,270","$21,270",100.0%,"$63,837","$63,837",100.0%,,,
741-,"UTERINE,ADNEXA PROC FOR NON-OVARIAN/ADNEXAL MALIG W/O CC/MCC",$0,"$21,117",0.0%,"$304,675","$478,941",63.6%,,,
151-,EPISTAXIS W/O MCC,"$9,530","$21,039",45.3%,"$20,699","$114,129",18.1%,,,
801-,SPLENECTOMY W/O CC/MCC,"$20,784","$20,784",100.0%,"$57,304","$57,304",100.0%,,,
747-,"VAGINA, CERVIX & VULVA PROCEDURES W/O CC/MCC","$20,681","$20,681",100.0%,"$122,819","$122,819",100.0%,,,
434-,CIRRHOSIS & ALCOHOLIC HEPATITIS W/O CC/MCC,$0,"$19,992",0.0%,$0,"$113,550",0.0%,0,,0.0%
384-,UNCOMPLICATED PEPTIC ULCER W/O MCC,$0,"$19,447",0.0%,$0,"$134,795",0.0%,0,,0.0%
425-,OTHER HEPATOBILIARY OR PANCREAS O.R. PROCEDURES W/O CC/MCC,"$19,349","$19,349",100.0%,"$57,439","$57,439",100.0%,,,
541-,OSTEOMYELITIS W/O CC/MCC,$0,"$18,781",0.0%,$0,"$72,520",0.0%,0,,0.0%
600-,NON-MALIGNANT BREAST DISORDERS W CC/MCC,$0,"$18,702",0.0%,$0,"$49,504",0.0%,0,,0.0%
675-,OTHER KIDNEY & URINARY TRACT PROCEDURES W/O CC/MCC,"$18,661","$18,661",100.0%,"$83,271","$83,271",100.0%,,,
887-,OTHER MENTAL DISORDER DIAGNOSES,"$14,690","$18,513",79.4%,"$24,687","$43,668",56.5%,,,
499-,LOCAL EXCISION & REMOVAL INT FIX DEVICES OF HIP & FEMUR W/O CC/MCC,"$18,138","$18,138",100.0%,"$62,146","$62,146",100.0%,,,
538-,"SPRAINS, STRAINS, & DISLOCATIONS OF HIP, PELVIS & THIGH W/O CC/MCC",$0,"$17,953",0.0%,$0,"$92,322",0.0%,0,,0.0%
198-,INTERSTITIAL LUNG DISEASE W/O CC/MCC,"$13,071","$16,875",77.5%,"$28,558","$50,925",56.1%,,,
150-,EPISTAXIS W MCC,$0,"$16,846",0.0%,$0,"$27,978",0.0%,0,,0.0%
424-,OTHER HEPATOBILIARY OR PANCREAS O.R. PROCEDURES W CC,"$16,434","$16,434",100.0%,"$37,423","$37,423",100.0%,,,
748-,FEMALE REPRODUCTIVE SYSTEM RECONSTRUCTIVE PROCEDURES,"$15,896","$15,896",100.0%,"$107,522","$107,522",100.0%,,,
078-,HYPERTENSIVE ENCEPHALOPATHY W CC,"$6,781","$15,719",43.1%,"$25,513","$173,610",14.7%,,,
349-,ANAL & STOMAL PROCEDURES W/O CC/MCC,"$15,681","$15,681",100.0%,"$81,980","$81,980",100.0%,,,
714-,TRANSURETHRAL PROSTATECTOMY W/O CC/MCC,$0,"$15,510",0.0%,"$49,034","$149,552",32.8%,,,
759-,"INFECTIONS, FEMALE REPRODUCTIVE SYSTEM W/O CC/MCC","$3,781","$15,483",24.4%,"$25,850","$67,232",38.4%,,,
858-,POSTOPERATIVE OR POST-TRAUMATIC INFECTIONS W O.R. PROC W/O CC/MCC,"$15,192","$15,192",100.0%,"$44,362","$44,362",100.0%,,,
382-,COMPLICATED PEPTIC ULCER W/O CC/MCC,"$4,870","$14,857",32.8%,"$34,653","$109,082",31.8%,,,
830-,MYELOPROLIF DISORD OR POORLY DIFF NEOPL W OTHER O.R. PROC W/O CC/MCC,$0,"$14,247",0.0%,$0,"$87,930",0.0%,0,,0.0%
712-,TESTES PROCEDURES W/O CC/MCC,"$14,144","$14,144",100.0%,"$62,069","$62,069",100.0%,,,
768-,VAGINAL DELIVERY W O.R. PROC EXCEPT STERIL &/OR D&C,"$13,386","$13,386",100.0%,"$31,314","$31,314",100.0%,,,
437-,MALIGNANCY OF HEPATOBILIARY SYSTEM OR PANCREAS W/O CC/MCC,"$8,922","$13,334",66.9%,"$159,910","$198,252",80.7%,,,
333-,RECTAL RESECTION W CC,$0,"$13,278",0.0%,$0,"$43,470",0.0%,0,,0.0%
422-,HEPATOBILIARY DIAGNOSTIC PROCEDURES W/O CC/MCC,$0,"$12,929",0.0%,$0,"$15,413",0.0%,0,,0.0%
729-,OTHER MALE REPRODUCTIVE SYSTEM DIAGNOSES W CC/MCC,$0,"$12,731",0.0%,$0,"$63,993",0.0%,0,,0.0%
088-,CONCUSSION W MCC,"$12,414","$12,414",100.0%,"$55,348","$55,348",100.0%,,,
804-,OTHER O.R. PROC OF THE BLOOD & BLOOD FORMING ORGANS W/O CC/MCC,"$12,192","$12,192",100.0%,"$66,978","$66,978",100.0%,,,
572-,SKIN DEBRIDEMENT W/O CC/MCC,"$12,175","$12,175",100.0%,"$64,276","$64,276",100.0%,,,
508-,MAJOR SHOULDER OR ELBOW JOINT PROCEDURES W/O CC/MCC,$0,"$12,141",0.0%,$0,"$84,024",0.0%,0,,0.0%
882-,NEUROSES EXCEPT DEPRESSIVE,"$2,204","$12,070",18.3%,"$14,266","$166,779",8.6%,,,
575-,SKIN GRAFT FOR SKIN ULCER OR CELLULITIS W/O CC/MCC,$0,"$11,693",0.0%,$0,"$39,225",0.0%,0,,0.0%
033-,VENTRICULAR SHUNT PROCEDURES W/O CC/MCC,"$11,405","$11,405",100.0%,"$63,299","$63,299",100.0%,,,
081-,NONTRAUMATIC STUPOR & COMA W/O MCC,"$11,063","$11,063",100.0%,"$23,724","$23,724",100.0%,,,
671-,URETHRAL PROCEDURES W CC/MCC,$0,"$10,559",0.0%,$0,"$57,273",0.0%,0,,0.0%
241-,AMPUTATION FOR CIRC SYS DISORDERS EXC UPPER LIMB & TOE W/O CC/MCC,$0,"$10,278",0.0%,$0,"$70,730",0.0%,0,,0.0%
836-,ACUTE LEUKEMIA W/O MAJOR O.R. PROCEDURE W/O CC/MCC,$0,"$9,973",0.0%,$0,"$38,784",0.0%,0,,0.0%
965-,OTHER MULTIPLE SIGNIFICANT TRAUMA W/O CC/MCC,$0,"$9,432",0.0%,$0,"$44,112",0.0%,0,,0.0%
903-,WOUND DEBRIDEMENTS FOR INJURIES W/O CC/MCC,$0,"$8,620",0.0%,"$30,007","$52,634",57.0%,,,
346-,MINOR SMALL & LARGE BOWEL PROCEDURES W/O CC/MCC,"$8,608","$8,608",100.0%,"$30,116","$30,116",100.0%,,,
201-,PNEUMOTHORAX W/O CC/MCC,"$4,407","$8,508",51.8%,"$31,935","$52,313",61.0%,,,
825-,LYMPHOMA & NON-ACUTE LEUKEMIA W OTHER O.R. PROC W/O CC/MCC,$0,"$8,174",0.0%,"$26,240","$75,756",34.6%,,,
788-,CESAREAN SECTION W/O STERILIZATION W/O CC/MCC,$0,"$8,103",0.0%,$0,"$29,182",0.0%,0,,0.0%
664-,MINOR BLADDER PROCEDURES W/O CC/MCC,"$7,436","$7,436",100.0%,"$67,357","$67,357",100.0%,,,
549-,SEPTIC ARTHRITIS W CC,$0,"$7,390",0.0%,$0,"$14,320",0.0%,0,,0.0%
822-,LYMPHOMA & LEUKEMIA W MAJOR O.R. PROCEDURE W/O CC/MCC,$0,"$7,122",0.0%,"$83,174","$178,481",46.6%,,,
139-,SALIVARY GLAND PROCEDURES,$0,"$7,053",0.0%,$0,"$56,182",0.0%,0,,0.0%
670-,TRANSURETHRAL PROCEDURES W/O CC/MCC,$0,"$5,748",0.0%,$0,"$28,972",0.0%,0,,0.0%
550-,SEPTIC ARTHRITIS W/O CC/MCC,$0,"$5,747",0.0%,$0,"$45,160",0.0%,0,,0.0%
761-,MENSTRUAL & OTHER FEMALE REPRODUCTIVE SYSTEM DISORDERS W/O CC/MCC,$0,"$4,926",0.0%,$0,"$23,549",0.0%,0,,0.0%
370-,MAJOR ESOPHAGEAL DISORDERS W/O CC/MCC,$0,"$4,537",0.0%,$0,"$10,645",0.0%,0,,0.0%
845-,OTHER MYELOPROLIF DIS OR POORLY DIFF NEOPL DIAG W/O CC/MCC,$0,"$4,406",0.0%,$0,"$65,349",0.0%,0,,0.0%
869-,OTHER INFECTIOUS & PARASITIC DISEASES DIAGNOSES W/O CC/MCC,"$4,358","$4,358",100.0%,"$62,777","$62,777",100.0%,,,
816-,RETICULOENDOTHELIAL & IMMUNITY DISORDERS W/O CC/MCC,$0,"$3,761",0.0%,$0,"$25,045",0.0%,0,,0.0%
833-,OTHER ANTEPARTUM DIAGNOSES W/O O.R. PROCEDURE W/O CC/MCC,$0,$0,,"$6,299","$6,299",100.0%,,,
745-,"D&C, CONIZATION, LAPAROSCOPY & TUBAL INTERRUPTION W/O CC/MCC",$0,$0,,"$31,432","$31,432",100.0%,,,
802-,OTHER O.R. PROC OF THE BLOOD & BLOOD FORMING ORGANS W MCC,$0,$0,,$0,"$305,049",0.0%,0,,0.0%
284-,"ACUTE MYOCARDIAL INFARCTION, EXPIRED W CC",$0,$0,,$0,"$17,592",0.0%,0,,0.0%
711-,TESTES PROCEDURES W CC/MCC,$0,$0,,"$37,583","$37,583",100.0%,,,
265-,AICD LEAD PROCEDURES,$0,$0,,$0,"$218,781",0.0%,0,,0.0%
630-,"OTHER ENDOCRINE, NUTRIT & METAB O.R. PROC W/O CC/MCC",$0,$0,,"$21,115","$21,115",100.0%,,,
505-,FOOT PROCEDURES W/O CC/MCC,$0,$0,,"$141,702","$141,702",100.0%,,,
599-,MALIGNANT BREAST DISORDERS W/O CC/MCC,$0,$0,,$0,"$24,830",0.0%,0,,0.0%
848-,CHEMOTHERAPY W/O ACUTE LEUKEMIA AS SECONDARY DIAGNOSIS W/O CC/MCC,$0,$0,,"$9,787","$9,787",100.0%,,,
750-,OTHER FEMALE REPRODUCTIVE SYSTEM O.R. PROCEDURES W/O CC/MCC,$0,$0,,"$49,600","$49,600",100.0%,,,
136-,SINUS & MASTOID PROCEDURES W/O CC/MCC,$0,$0,,"$45,903","$45,903",100.0%,,,
